date,week,Team,type,points,notes
2025-12-01,0,Rudolph,FNG1,3,Rabbit
2025-12-01,0,Prancer,Santa Locks,5,"ao-the-silo-Frozen Silo; The Worm, Depends (3rdF Q), Hank Hill, Deliverance, Dilbert"
2025-12-01,0,Prancer,Santa Locks,5,"ao-the-grove-Moving heavy shit back and forth and back and fort...; Tinfoil, Spit Valve, Nemo, Liberty Biberty, YellowPages"
2025-12-01,0,Donner,Santa Locks,5,"ao-the-ridge-Forged in 15 degree weather- Foghorns Pillar #4; Corner Kick, Bedpan, Storm Chaser, Chum Bucket, Mr. Belding"
2025-12-01,0,Dancer,Santa Locks,5,"ao-the-ridge-Forged in 15 degree weather- Foghorns Pillar #4; Hodl, Ricochet, Foghorn, Martha Stewart, Cutler, Dear Abby"
2025-12-01,0,Comet,Santa Locks,10,"ao-the-grove-Moving heavy shit back and forth and back and fort...; Six Sheets, Peterbilt, Tighty Whities, Danica, Manhole, Happy Camper, Heifer, Choco Taco, Meta, Hot Lava"
2025-12-01,0,Blitzen,Individuals points,19,"['Schlitz', 'Morticia', 'Kidney Beans', 'Derailed']"
2025-12-01,0,Comet,Individuals points,96,"['Manhole', 'Meta', 'Dauber', 'Peterbilt', 'Hot Lava', 'Mahomes', 'Bob Villa', 'Happy Camper', 'Six Sheets', 'Tighty Whities', 'Pull-up', 'DJ Sump Pump', 'Danica', 'Heifer', 'Choco Taco']"
2025-12-01,0,Cupid,Individuals points,22,"['Soft Hands', 'Picasso', 'Sparkler', 'Singer']"
2025-12-01,0,Dancer,Individuals points,60,"['Cinderella', 'Pop-Tart', 'Sparky', 'Foghorn', 'Hodl', 'Cutler', 'Ricochet', 'Party in a bottle', 'Dear Abby', 'Martha Stewart']"
2025-12-01,0,Dasher,Individuals points,66,"['Scratch and Dent', 'Dog House', 'Zimmer', 'Old Maid', 'Doozie', 'Rooney', 'Norm']"
2025-12-01,0,Donner,Individuals points,41,"['Chum Bucket', 'Bedpan', 'Mr. Kotter', 'Storm Chaser', 'Mr. Belding', 'John Denver', 'Juanita', 'Hanger', 'Corner Kick']"
2025-12-01,0,Prancer,Individuals points,74,"['Boomer', 'Dilbert', 'YellowPages', 'Nemo', 'Hank Hill', 'Depends (3rdF Q)', 'Spit Valve', 'Deliverance', 'Liberty Biberty', 'PFG', 'Tinfoil', 'The Worm', 'Flo']"
2025-12-01,0,Rudolph,Individuals points,56,"['Homer Simpson', 'Ricola', 'Celine Dion', 'Foreclosure', 'Napster', 'Folgers', 'Underdog', 'Rabbit', 'Grunts', 'Marinara', 'BoilerUp']"
2025-12-01,0,Vixen,Individuals points,9,"['5-Putt', 'Scuba Steve', 'Hackman']"
2025-12-01,0,Comet,FNG1,3,Choco Taco
2025-12-01,0,Rudolph,FNG1,3,Grunts
2025-12-01,0,Rudolph,FNG1,3,Marinara
2025-12-01,0,Dancer,FNG1,3,Martha Stewart
2025-12-01,0,Comet,FNG1,3,Heifer
2025-12-01,0,Prancer,FNG1,3,Tinfoil
2025-12-01,0,Comet,FNG1,3,Six Sheets
2025-12-01,0,Comet,FNG1,3,Danica
2025-12-01,0,Comet,FNG1,3,Tighty Whities
2025-12-02,0,Rudolph,Santa Locks,5,"ao-black-rock-Ricolas Farmer Carry Beatdown; Backstreet, Foreclosure, Napster, Ricola, Celine Dion, Ringo, Marinara"
2025-12-02,0,Prancer,Santa Locks,5,"ao-black-rock-Ricolas Farmer Carry Beatdown; Dilbert, Depends (3rdF Q), Hank Hill, Nemo, Liberty Biberty, Circuit City"
2025-12-02,0,Dancer,Santa Locks,5,"ao-el-coyote-Just a ruck; Pop-Tart, Ricochet, Hodl, Phoenix, Sparky"
2025-12-02,0,Dancer,Santa Locks,5,"ao-black-rock-Ricolas Farmer Carry Beatdown; HandsOn, Cutler, Pop-Tart, Hodl, Phoenix, Party in a bottle"
2025-12-02,0,Comet,Santa Locks,5,"ao-el-coyote-Just a ruck; Bob Villa, Dauber, Meta, Hot Lava, Manhole, Danica, Peterbilt, Mahomes"
2025-12-02,0,Donner,Individuals points,52,"['fuzzy navel', 'Chum Bucket', 'Bedpan', 'Mr. Kotter', 'Storm Chaser', 'Juanita', 'Hanger']"
2025-12-02,0,Dasher,Individuals points,60,"['Trifecta', 'Scratch and Dent', 'Dog House', 'Jellystone', 'Doozie', 'Rooney']"
2025-12-02,0,Cupid,Individuals points,35,"['Soft Hands', 'Bunker', 'Picasso', 'Sparkler', 'Singer', 'Sizzler']"
2025-12-02,0,Dancer,Individuals points,73,"['Cinderella', 'Pop-Tart', 'Sparky', 'Hodl', 'Cutler', 'Ricochet', 'Phoenix', 'Party in a bottle', 'HandsOn']"
2025-12-02,0,Dancer,FNG1,3,HandsOn
2025-12-02,0,Comet,Individuals points,129,"['Manhole', 'Meta', 'Dauber', 'Peterbilt', 'Pearl', 'Hot Lava', 'Mahomes', 'Bob Villa', 'Happy Camper', 'Wing Stop (F3 Naperville)', 'Pull-up', 'DJ Sump Pump', 'Danica']"
2025-12-02,0,Blitzen,Individuals points,16,"['SkidMark', 'Morticia', 'Xena- Warrior Princess', 'Pee Wee Herman']"
2025-12-02,0,Vixen,Individuals points,20,"['5-Putt', 'vern', 'Ginga', 'Stitch', 'Hat Trick']"
2025-12-02,0,Rudolph,Individuals points,62,"['Homer Simpson', 'Ricola', 'Ringo', 'Celine Dion', 'Backstreet', 'Foreclosure', 'Napster', 'Folgers', 'Marinara']"
2025-12-02,0,Prancer,FNG1,3,Circuit City
2025-12-02,0,Vixen,FNG1,3,Stitch
2025-12-02,0,Prancer,Individuals points,87,"['Boomer', 'Dilbert', 'YellowPages', 'Nemo', 'Hank Hill', 'Depends (3rdF Q)', 'Spit Valve', 'Liberty Biberty', 'Circuit City', 'Flo']"
2025-12-03,0,Vixen,Individuals points,24,"['5-Putt', 'vern', 'Scuba Steve', 'Hackman', 'Fish Tape', 'SoccerMom']"
2025-12-03,0,Cupid,Individuals points,33,"['Soft Hands', 'Caboose', 'Bunker', 'Picasso', 'Spike Horn', 'Sparkler', 'Sizzler']"
2025-12-03,0,Dancer,Individuals points,117,"['Cinderella', 'Pop-Tart', 'Sparky', 'Foghorn', 'Hodl', 'Cutler', 'TruGreen', 'Ricochet', 'Phoenix', 'Waffle House', 'Party in a bottle', 'Thesaurus', 'And1']"
2025-12-03,0,Dasher,Individuals points,76,"['Trifecta', 'Scratch and Dent', 'Dog House', 'Old Maid', 'Jellystone', 'Doozie', 'Rooney', 'Norm', 'Drive By']"
2025-12-03,0,Donner,Individuals points,61,"['fuzzy navel', 'Chum Bucket', 'Bedpan', 'Mr. Kotter', 'Peashooter', 'Storm Chaser', 'John Denver', 'Hanger', 'Corner Kick', 'Celler Dweller', 'Moist']"
2025-12-03,0,Prancer,Individuals points,110,"['Boomer', 'Dilbert', 'Nemo', 'Hank Hill', 'Depends (3rdF Q)', 'Spit Valve', 'Deliverance', 'Liberty Biberty', 'PFG', 'Tinfoil', 'Circuit City', 'Flo', 'Sensodyne']"
2025-12-03,0,Rudolph,Individuals points,56,"['Homer Simpson', 'Ricola', 'Ringo', 'Celine Dion', 'Foreclosure', 'Napster', 'Italian Ice', 'Underdog', 'Marinara', 'Slapshot', 'BoilerUp']"
2025-12-03,0,Comet,Individuals points,128,"['Manhole', 'Meta', 'Dauber', 'Peterbilt', 'Pearl', 'Hot Lava', 'Bob Villa', 'Happy Camper', 'Six Sheets', 'Tighty Whities', 'Shankapotomus', 'Pull-up', 'DJ Sump Pump', 'Danica', 'Algorithm', 'Heifer', 'Hatchet (Lizard Q)']"
2025-12-03,0,Blitzen,Individuals points,15,"['Morticia', 'Kidney Beans', 'Pee Wee Herman', 'Foundation', 'Derailed']"
2025-12-03,0,Vixen,FNG1,3,SoccerMom
2025-12-03,0,Prancer,Santa Locks,5,"ao-ravens-nest-Ringo, Ravens, and Refrigerated PAX; Tinfoil, Depends (3rdF Q), Dilbert, Hank Hill, Boomer"
2025-12-03,0,Donner,Santa Locks,5,"ao-the-colosseum-Pearl’s VQ Ruck Club; Corner Kick, Chum Bucket, Bedpan, John Denver, Hanger, Storm Chaser, Peashooter, Celler Dweller, Mr. Kotter"
2025-12-03,0,Dasher,Santa Locks,5,"ao-the-colosseum-Pearl’s VQ Ruck Club; Old Maid, Jellystone, Scratch and Dent, Dog House, Doozie"
2025-12-03,0,Dancer,Santa Locks,5,"ao-the-silo-Nemo’s Tabata Time; Hodl, Cutler, Foghorn, Pop-Tart, Ricochet, Party in a bottle, Thesaurus, Phoenix, Waffle House"
2025-12-03,0,Comet,Santa Locks,15,"ao-the-colosseum-Pearl’s VQ Ruck Club; Hot Lava, Manhole, Danica, Hatchet (Lizard Q), Peterbilt, Tighty Whities, Algorithm, Six Sheets, Happy Camper, Meta, Bob Villa, Heifer, Dauber, Pearl, Shankapotomus"
2025-12-03,0,Rudolph,FNG_VQ,7,Marinara
2025-12-03,0,Dancer,FNG1,3,Waffle House
2025-12-04,0,Comet,Individuals points,165,"['Manhole', 'Meta', 'Dauber', 'Peterbilt', 'Hot Lava', 'Bob Villa', 'Happy Camper', 'Tighty Whities', 'Shankapotomus', 'Pull-up', 'Danica', 'Heifer', 'Choco Taco']"
2025-12-04,0,Cupid,Individuals points,25,"['Caboose', 'Picasso', 'Sparkler']"
2025-12-04,0,Dancer,Individuals points,125,"['Pop-Tart', 'Sparky', 'Foghorn', 'Hodl', 'Cutler', 'TruGreen', 'Ricochet', 'Phoenix', 'Waffle House', 'Party in a bottle', 'Dear Abby', 'HandsOn']"
2025-12-04,0,Dasher,Individuals points,70,"['Trifecta', 'Scratch and Dent', 'Dog House', 'Zimmer', 'Old Maid', 'UPS']"
2025-12-04,0,Donner,Individuals points,33,"['Chum Bucket', 'Bedpan', 'Storm Chaser', 'Mr. Belding', 'Trickle', 'Celler Dweller']"
2025-12-04,0,Vixen,Individuals points,31,"['5-Putt', 'Dilly Dilly', 'vern', 'Broomstick', 'Scuba Steve', 'Ginga', 'Stitch', 'Quatro']"
2025-12-04,0,Dancer,challenge_flag,1,Dancer - Cutler
2025-12-04,0,Vixen,Santa Locks,5,"ao-the-ridge-Happy Camper – Embrace the Arctic Suck!; vern, Quatro, Ginga, 5-Putt, Dilly Dilly"
2025-12-04,0,Prancer,Individuals points,80,"['Boomer', 'YellowPages', 'Nemo', 'Hank Hill', 'Depends (3rdF Q)', 'Spit Valve', 'Liberty Biberty', 'PFG', 'Circuit City']"
2025-12-04,0,Blitzen,Individuals points,3,['Xena- Warrior Princess']
2025-12-04,0,Prancer,Santa Locks,5,"ao-the-olympiad-Peterbilt’s Finger Numbing Bootcamp; Circuit City, Depends (3rdF Q), YellowPages, Hank Hill, Spit Valve, Liberty Biberty"
2025-12-04,0,Rudolph,Individuals points,49,"['Ricola', 'Ringo', 'Celine Dion', 'Napster', 'Underdog', 'Grunts', 'Marinara', 'Mapquest']"
2025-12-04,0,Comet,Santa Locks,5,"ao-the-olympiad-Peterbilt’s Finger Numbing Bootcamp; Tighty Whities, Peterbilt, Manhole, Hot Lava, Meta, Shankapotomus"
2025-12-04,0,Comet,Santa Locks,5,"ao-el-coyote-Sparky 3 Group BC; Meta, Manhole, Choco Taco, Dauber, Hot Lava"
2025-12-04,0,Dancer,Santa Locks,5,"ao-the-olympiad-Peterbilt’s Finger Numbing Bootcamp; Cutler, Waffle House, HandsOn, Foghorn, Party in a bottle, Phoenix, Hodl, Ricochet"
2025-12-05,0,Blitzen,Individuals points,15,"['Schlitz', 'Xena- Warrior Princess', 'Pee Wee Herman']"
2025-12-05,0,Comet,Individuals points,135,"['Manhole', 'Meta', 'Dauber', 'Peterbilt', 'Pearl', 'Hot Lava', 'Mahomes', 'Bob Villa', 'Happy Camper', 'Tighty Whities', 'Wing Stop (F3 Naperville)', 'Pull-up', 'Danica', 'Heifer', 'Choco Taco']"
2025-12-05,0,Cupid,Individuals points,28,"['Soft Hands', 'Bunker', 'Duck Hunt', 'Sparkler', 'Singer']"
2025-12-05,0,Dancer,Individuals points,87,"['Cinderella', 'Pop-Tart', 'Sparky', 'Foghorn', 'Hodl', 'Cutler', 'TruGreen', 'Ricochet', 'Phoenix', 'Waffle House', 'Thesaurus', 'Dear Abby', 'HandsOn']"
2025-12-05,0,Dasher,Individuals points,54,"['Scratch and Dent', 'Dog House', 'Zimmer', 'Old Maid', 'Jellystone', 'UPS']"
2025-12-05,0,Donner,Individuals points,69,"['fuzzy navel', 'Chum Bucket', 'Bedpan', 'Mr. Kotter', 'Storm Chaser', 'Mr. Belding', 'Corner Kick']"
2025-12-05,0,Dancer,challenge_flag,1,Held from previous claim by Dancer - Cutler
2025-12-05,0,Prancer,Individuals points,122,"['Boomer', 'Dilbert', 'YellowPages', 'Nemo', 'Hank Hill', 'Depends (3rdF Q)', 'Spit Valve', 'Liberty Biberty', 'PFG']"
2025-12-05,0,Rudolph,Individuals points,63,"['Ricola', 'Ringo', 'Celine Dion', 'Backstreet', 'Napster', 'Marinara', 'Slapshot']"
2025-12-05,0,Vixen,Individuals points,41,"['Den Mother', 'Blue Gill', '5-Putt', 'Dilly Dilly', 'Broomstick', 'Stitch', 'Hackman', 'Quatro']"
2025-12-05,0,Vixen,Santa Locks,5,"ao-the-ridge-Frozen Friday; Hackman, Dilly Dilly, 5-Putt, Quatro, Blue Gill, Broomstick, Stitch"
2025-12-05,0,Comet,FNG5,5,Danica
2025-12-05,0,Rudolph,FNG5,5,Marinara
2025-12-06,0,Cupid,Individuals points,29,"['Soft Hands', 'Caboose', 'Duck Hunt', 'Picasso', 'Otto Man', 'Laces Out']"
2025-12-06,0,Rudolph,Santa Locks,5,"ao-da-grizz-Meta's Multi-Route Ruck; Cowbell, Ringo, Napster, Folgers, Slapshot, Italian Ice"
2025-12-06,0,Rudolph,Santa Locks,5,"ao-da-grizz-?Thesaurus VQ?; Folgers, Celine Dion, Italian Ice, Slapshot, Cowbell, Ringo"
2025-12-06,0,Prancer,Santa Locks,5,"ao-the-colosseum-Spit Valve 12 Steps of Christmas; Tinfoil, Hank Hill, Boomer, Spit Valve, Nemo, Liberty Biberty"
2025-12-06,0,Dancer,Santa Locks,5,"ao-da-grizz-Meta's Multi-Route Ruck; Cinderella, Ozark, Dear Abby, Foghorn, Pop-Tart, Hodl, Martha Stewart, Thesaurus"
2025-12-06,0,Comet,Santa Locks,5,"ao-da-grizz-?Thesaurus VQ?; Meta, Hot Lava, Manhole, Hatchet (Lizard Q), Peterbilt"
2025-12-06,0,Comet,Santa Locks,5,"ao-da-grizz-Meta's Multi-Route Ruck; Meta, Dauber, Hot Lava, Manhole, Hatchet (Lizard Q), Peterbilt"
2025-12-06,0,Dancer,Individuals points,123,"['Cinderella', 'Pop-Tart', 'Foghorn', 'Hodl', 'Cutler', 'TruGreen', 'Ricochet', 'Phoenix', 'Waffle House', 'Party in a bottle', 'Ozark', 'Thesaurus', 'Dear Abby', 'HandsOn', 'Martha Stewart', 'Eleanor']"
2025-12-06,0,Dancer,challenge_flag,1,Held from previous claim by Dancer - Cutler
2025-12-06,0,Dancer,Santa Locks,5,"ao-da-grizz-?Thesaurus VQ?; Thesaurus, Cinderella, Cutler, Foghorn, Hodl, Ozark, Dear Abby"
2025-12-06,0,Rudolph,Individuals points,95,"['Ricola', 'Ringo', 'Celine Dion', 'Backstreet', 'Cowbell', 'Napster', 'Folgers', 'Italian Ice', 'Underdog', 'Rabbit', 'Marinara', 'Slapshot']"
2025-12-06,0,Prancer,Individuals points,111,"['Boomer', 'Dilbert', 'YellowPages', 'Nemo', 'Hank Hill', 'Depends (3rdF Q)', 'Spit Valve', 'Deliverance', 'The Vault', 'Liberty Biberty', 'PFG', 'Tinfoil']"
2025-12-06,0,Donner,Individuals points,65,"['fuzzy navel', 'Chum Bucket', 'Bedpan', 'Mr. Kotter', 'Storm Chaser', 'Juanita', 'Corner Kick', 'Celler Dweller', 'Moist', 'Large Marge']"
2025-12-06,0,Dasher,Individuals points,62,"['Scratch and Dent', 'Dog House', 'Olive Oyl', 'Zimmer', 'Old Maid', 'UPS', 'Rooney']"
2025-12-06,0,Comet,Individuals points,115,"['Manhole', 'Meta', 'Dauber', 'Peterbilt', 'Pearl', 'Hot Lava', 'Mahomes', 'Bob Villa', 'Happy Camper', 'Wing Stop (F3 Naperville)', 'Pull-up', 'Hatchet (Lizard Q)']"
2025-12-06,0,Vixen,Individuals points,13,"['Blue Gill', 'Dilly Dilly', 'vern']"
2025-12-06,0,Blitzen,Individuals points,15,"['Schlitz', 'Pee Wee Herman', 'Sailer Moon']"
2025-12-07,1,Dancer,challenge_flag,1,Held from previous claim by Dancer - Cutler
2025-12-07,1,Blitzen,Individuals points,5,['Schlitz']
2025-12-07,1,Rudolph,Individuals points,17,"['Homer Simpson', 'Ricola', 'Ringo']"
2025-12-07,1,Donner,Individuals points,10,"['Bedpan', 'Peashooter']"
2025-12-07,1,Prancer,Individuals points,32,"['Boomer', 'Hank Hill', 'Spit Valve', 'Deliverance']"
2025-12-07,1,Dancer,Individuals points,44,"['Pop-Tart', 'Hodl', 'TruGreen', 'Dear Abby', 'HandsOn', 'Martha Stewart']"
2025-12-07,1,Cupid,Individuals points,5,['Caboose']
2025-12-07,1,Comet,Individuals points,9,"['Meta', 'Bob Villa', 'Shankapotomus']"
2025-12-07,1,Dasher,Individuals points,18,"['Scratch and Dent', 'Olive Oyl', 'Zimmer']"
2025-12-08,1,Blitzen,Santa Locks,5,"ao-the-grove-A Fine How do you Do; Derailed, Schlitz, Kidney Beans, Pee Wee Herman, SkidMark"
2025-12-08,1,Comet,Santa Locks,5,"ao-the-silo-Blue Gills favorite bands; Bob Villa, Tighty Whities, Manhole, Hot Lava, Shankapotomus"
2025-12-08,1,Dancer,Santa Locks,5,"ao-the-ridge-Foghorns Forged series Finale -#Allegiance; Cutler, Foghorn, Pop-Tart, Ricochet, Hodl, Party in a bottle, Dear Abby"
2025-12-08,1,Donner,Santa Locks,5,"ao-the-ridge-Foghorns Forged series Finale -#Allegiance; Storm Chaser, Corner Kick, Mr. Kotter, Bedpan, Chum Bucket"
2025-12-08,1,Comet,FNG5,5,Tighty Whities
2025-12-08,1,Prancer,FNG5,5,Tinfoil
2025-12-08,1,Prancer,Santa Locks,5,"ao-the-silo-Blue Gills favorite bands; Nemo, Deliverance, Spit Valve, Hank Hill, Tinfoil, Depends (3rdF Q), Dilbert, Liberty Biberty"
2025-12-08,1,Dancer,challenge_flag,1,Held from previous claim by Dancer - Cutler
2025-12-08,1,Vixen,Individuals points,21,"['Blue Gill', '5-Putt', 'Dilly Dilly', 'Broomstick', 'Fish Tape']"
2025-12-08,1,Rudolph,Individuals points,53,"['Ricola', 'Celine Dion', 'Foreclosure', 'Napster', 'Italian Ice', 'Underdog', 'Marinara', 'Slapshot', 'BoilerUp']"
2025-12-08,1,Prancer,Individuals points,71,"['Boomer', 'Dilbert', 'YellowPages', 'Nemo', 'Hank Hill', 'Depends (3rdF Q)', 'Spit Valve', 'Deliverance', 'Liberty Biberty', 'PFG', 'Tinfoil', 'Flo']"
2025-12-08,1,Blitzen,Individuals points,25,"['Schlitz', 'SkidMark', 'Kidney Beans', 'Just Dance', 'Pee Wee Herman', 'Derailed']"
2025-12-08,1,Comet,Individuals points,119,"['Manhole', 'Meta', 'Dauber', 'Peterbilt', 'Hot Lava', 'Mahomes', 'Bob Villa', 'Happy Camper', 'Six Sheets', 'Tighty Whities', 'Shankapotomus', 'Pull-up', 'DJ Sump Pump', 'Algorithm', 'Choco Taco']"
2025-12-08,1,Cupid,Individuals points,9,"['Bunker', 'Sparkler']"
2025-12-08,1,Dancer,Individuals points,59,"['Cinderella', 'Pop-Tart', 'Foghorn', 'Hodl', 'Cutler', 'TruGreen', 'Ricochet', 'Party in a bottle', 'Ozark', 'Dear Abby']"
2025-12-08,1,Dasher,Individuals points,62,"['Trifecta', 'Scratch and Dent', 'Dog House', 'BABYMOMMA', 'Rooney', 'Norm']"
2025-12-08,1,Donner,Individuals points,43,"['fuzzy navel', 'Chum Bucket', 'Bedpan', 'Mr. Kotter', 'Storm Chaser', 'Mr. Belding', 'John Denver', 'Juanita', 'Corner Kick']"
2025-12-09,1,Prancer,Individuals points,78,"['Boomer', 'Dilbert', 'YellowPages', 'Nemo', 'Hank Hill', 'Depends (3rdF Q)', 'Spit Valve', 'PFG', 'Tinfoil', 'Circuit City']"
2025-12-09,1,Donner,Individuals points,33,"['fuzzy navel', 'Chum Bucket', 'Bedpan', 'Mr. Kotter', 'Storm Chaser']"
2025-12-09,1,Dasher,Individuals points,62,"['Scratch and Dent', 'Dog House', 'Zimmer', 'Jellystone', 'Doozie', 'Rooney']"
2025-12-09,1,Dancer,Individuals points,83,"['Cinderella', 'Pop-Tart', 'Sparky', 'Hodl', 'Cutler', 'TruGreen', 'Ricochet', 'Phoenix', 'Waffle House', 'Party in a bottle', 'Thesaurus', 'Dear Abby', 'HandsOn', 'Boston Butt']"
2025-12-09,1,Cupid,Individuals points,23,"['Soft Hands', 'Picasso', 'Sparkler', 'Singer', 'Sizzler']"
2025-12-09,1,Blitzen,Individuals points,17,"['SkidMark', 'Morticia', 'Xena- Warrior Princess']"
2025-12-09,1,Rudolph,Individuals points,61,"['Ricola', 'Ringo', 'Celine Dion', 'Backstreet', 'Foreclosure', 'Napster', 'Underdog', 'Mapquest']"
2025-12-09,1,Comet,Individuals points,135,"['Manhole', 'Meta', 'Dauber', 'Peterbilt', 'Hot Lava', 'Mahomes', 'Bob Villa', 'Happy Camper', 'Six Sheets', 'Tighty Whities', 'Wing Stop (F3 Naperville)', 'Pull-up', 'DJ Sump Pump', 'Hatchet (Lizard Q)']"
2025-12-09,1,Vixen,Individuals points,27,"['5-Putt', 'Dilly Dilly', 'vern', 'Broomstick', 'Ginga', 'Hackman', 'Fish Tape']"
2025-12-09,1,Comet,Santa Locks,5,"ao-the-ridge-Sandbagging with DJ; Peterbilt, Hatchet (Lizard Q), Meta, DJ Sump Pump, Happy Camper"
2025-12-09,1,Comet,Santa Locks,5,"ao-black-rock-Ringos 4 Station Beatdown; Bob Villa, Six Sheets, Hot Lava, Manhole, Tighty Whities"
2025-12-09,1,Dancer,Santa Locks,5,"ao-the-colosseum-Xena’s 3 stations; HandsOn, Party in a bottle, Dear Abby, Pop-Tart, Cutler, Ricochet"
2025-12-09,1,Prancer,Santa Locks,5,"ao-black-rock-Ringos 4 Station Beatdown; YellowPages, Depends (3rdF Q), Tinfoil, Nemo, Dilbert"
2025-12-09,1,Dancer,challenge_flag,1,Held from previous claim by Dancer - Cutler
2025-12-09,1,Rudolph,Santa Locks,5,"ao-black-rock-Ringos 4 Station Beatdown; Ringo, Foreclosure, Napster, Ricola, Celine Dion"
2025-12-09,1,Dancer,FNG5,5,HandsOn
2025-12-09,1,Comet,Santa Locks,5,"ao-el-coyote-Do I know you?; Bob Villa, Dauber, Meta, Hot Lava, Manhole, Peterbilt"
2025-12-10,1,Dancer,challenge_flag,1,Held from previous claim by Dancer - Cutler
2025-12-10,1,Dancer,Santa Locks,5,"ao-ravens-nest-Backblast: Cutler’s FMSC fundraiser; Thesaurus, Cutler, Ozark, Ricochet, Pop-Tart"
2025-12-10,1,Dancer,Santa Locks,5,"ao-the-silo-Peterbilt’s Twin Peaks; Foghorn, Hodl, Waffle House, Dear Abby, Phoenix"
2025-12-10,1,Prancer,Santa Locks,10,"ao-ravens-nest-Backblast: Cutler’s FMSC fundraiser; Circuit City, Depends (3rdF Q), YellowPages, Dilbert, Tinfoil, Hank Hill, Liberty Biberty, Nemo, Deliverance, Spit Valve, Boomer"
2025-12-10,1,Prancer,FNG5,5,Circuit City
2025-12-10,1,Rudolph,Santa Locks,5,"ao-ravens-nest-Backblast: Cutler’s FMSC fundraiser; Italian Ice, Slapshot, Foreclosure, Celine Dion, Ricola"
2025-12-10,1,Blitzen,Individuals points,27,"['Schlitz', 'Morticia', 'Kidney Beans', 'Just Dance', 'Pee Wee Herman', 'Foundation', 'Derailed']"
2025-12-10,1,Cupid,Individuals points,27,"['Soft Hands', 'Duck Hunt', 'Sparkler']"
2025-12-10,1,Dancer,Individuals points,119,"['Cinderella', 'Pop-Tart', 'Sparky', 'Foghorn', 'Hodl', 'Cutler', 'TruGreen', 'Ricochet', 'Phoenix', 'Waffle House', 'Ozark', 'Thesaurus', 'Dear Abby']"
2025-12-10,1,Dasher,Individuals points,84,"['Trifecta', 'Scratch and Dent', 'Dog House', 'Zimmer', 'Old Maid', 'Jellystone', 'Rooney']"
2025-12-10,1,Donner,Individuals points,75,"['fuzzy navel', 'Chum Bucket', 'Bedpan', 'Mr. Kotter', 'Peashooter', 'Storm Chaser', 'Mr. Belding', 'Hanger', 'Corner Kick', 'Moist']"
2025-12-10,1,Prancer,Individuals points,126,"['Boomer', 'Dilbert', 'YellowPages', 'Nemo', 'Hank Hill', 'Depends (3rdF Q)', 'Spit Valve', 'Deliverance', 'Liberty Biberty', 'PFG', 'Tinfoil', 'Circuit City', 'Flo']"
2025-12-10,1,Rudolph,Individuals points,51,"['Ricola', 'Ringo', 'Celine Dion', 'Backstreet', 'Foreclosure', 'Napster', 'Italian Ice', 'Underdog', 'Marinara', 'Slapshot']"
2025-12-10,1,Vixen,Individuals points,44,"['Blue Gill', '5-Putt', 'Dilly Dilly', 'vern', 'Broomstick', 'Scuba Steve', 'Hackman', 'Quatro']"
2025-12-10,1,Comet,Individuals points,162,"['Manhole', 'Meta', 'Dauber', 'Peterbilt', 'Hot Lava', 'Mahomes', 'Bob Villa', 'Tighty Whities', 'Pull-up', 'Danica']"
2025-12-11,1,Comet,Santa Locks,5,"ao-el-coyote-Sparky Xmas ? & ornament; Bob Villa, Meta, Hot Lava, Manhole, Mahomes"
2025-12-11,1,Comet,Santa Locks,5,"ao-the-olympiad-Around the World Workout; Mahomes, Manhole, Dauber, Hot Lava, Meta"
2025-12-11,1,Dancer,Individuals points,181,"['Cinderella', 'Pop-Tart', 'Sparky', 'Foghorn', 'Hodl', 'Cutler', 'TruGreen', 'Ricochet', 'Phoenix', 'Waffle House', 'Party in a bottle', 'Ozark', 'Dear Abby', 'HandsOn', 'DEADBOLT']"
2025-12-11,1,Rudolph,FNG_VQ,7,Grunts
2025-12-11,1,Prancer,Individuals points,164,"['Boomer', 'Dilbert', 'YellowPages', 'Nemo', 'Hank Hill', 'Depends (3rdF Q)', 'Spit Valve', 'Deliverance', 'Liberty Biberty', 'PFG', 'Tinfoil', 'The Worm', 'Flo']"
2025-12-11,1,Rudolph,Individuals points,65,"['Ricola', 'Ringo', 'Celine Dion', 'Foreclosure', 'Cowbell', 'Napster', 'Folgers', 'Italian Ice', 'Grunts', 'Mapquest']"
2025-12-11,1,Dancer,Santa Locks,10,"ao-the-olympiad-Around the World Workout; Dear Abby, HandsOn, Waffle House, Party in a bottle, Phoenix, Hodl, Cutler, Ricochet, Pop-Tart, Sparky, Foghorn"
2025-12-11,1,Dancer,FNG5,5,Waffle House
2025-12-11,1,Donner,Individuals points,45,"['Chum Bucket', 'Bedpan', 'Mr. Kotter', 'Storm Chaser', 'Mr. Belding', 'Trickle', 'Juanita', 'Celler Dweller']"
2025-12-11,1,Blitzen,Individuals points,11,"['SkidMark', 'Morticia', 'Xena- Warrior Princess']"
2025-12-11,1,Comet,Individuals points,160,"['Manhole', 'Meta', 'Dauber', 'Pearl', 'Hot Lava', 'Mahomes', 'Bob Villa', 'Tighty Whities', 'Pull-up', 'Danica']"
2025-12-11,1,Cupid,Individuals points,21,"['Soft Hands', 'Picasso', 'Sparkler', 'Sizzler']"
2025-12-11,1,Vixen,Individuals points,30,"['Den Mother', '5-Putt', 'Dilly Dilly', 'vern', 'Broomstick', 'Scuba Steve', 'Ginga', 'Fish Tape']"
2025-12-11,1,Prancer,Santa Locks,5,"ao-the-olympiad-Around the World Workout; Depends (3rdF Q), Tinfoil, Nemo, Deliverance, Spit Valve, Hank Hill, YellowPages, Dilbert, The Worm"
2025-12-11,1,Dancer,Santa Locks,5,"ao-el-coyote-Sparky Xmas ? & ornament; Phoenix, Sparky, Pop-Tart, Ricochet, Waffle House"
2025-12-11,1,Dasher,Individuals points,55,"['Trifecta', 'Scratch and Dent', 'Dog House', 'Old Maid', 'Doozie', 'BABYMOMMA']"
2025-12-11,1,Vixen,Santa Locks,5,"ao-the-colosseum-90s jams for days; 5-Putt, Ginga, Dilly Dilly, Den Mother, vern"
2025-12-11,1,Dancer,challenge_flag,1,Held from previous claim by Dancer - Cutler
2025-12-12,1,Vixen,Individuals points,23,"['5-Putt', 'Dilly Dilly', 'vern', 'Scuba Steve', 'Fish Tape']"
2025-12-12,1,Rudolph,Individuals points,66,"['Ricola', 'Celine Dion', 'Foreclosure', 'Cowbell', 'Napster', 'Folgers', 'Italian Ice', 'Slapshot']"
2025-12-12,1,Prancer,Individuals points,118,"['Boomer', 'Dilbert', 'YellowPages', 'Nemo', 'Hank Hill', 'Depends (3rdF Q)', 'Spit Valve', 'Deliverance', 'The Vault', 'Liberty Biberty', 'PFG', 'Tinfoil']"
2025-12-12,1,Dancer,challenge_flag,1,Held from previous claim by Dancer - Cutler
2025-12-12,1,Donner,Individuals points,56,"['Chum Bucket', 'Bedpan', 'Mr. Kotter', 'Storm Chaser', 'Hanger', 'Corner Kick']"
2025-12-12,1,Blitzen,Individuals points,24,"['Schlitz', 'Kidney Beans', 'Pee Wee Herman', 'Foundation']"
2025-12-12,1,Dasher,Individuals points,41,"['Trifecta', 'Scratch and Dent', 'Dog House', 'Zimmer', 'Old Maid', 'Jellystone', 'Doozie', 'BABYMOMMA']"
2025-12-12,1,Dancer,Santa Locks,5,"ao-the-colosseum-Hold’s 1 year acceleration challenge; Ricochet, Hodl, Phoenix, Pop-Tart, Cutler, Waffle House"
2025-12-12,1,Cupid,Individuals points,26,"['Soft Hands', 'Duck Hunt', 'Picasso', 'Sparkler']"
2025-12-12,1,Prancer,Santa Locks,5,"ao-da-grizz-Would you rather…; Spit Valve, Deliverance, Depends (3rdF Q), Tinfoil, Hank Hill, YellowPages"
2025-12-12,1,Dancer,Individuals points,118,"['Cinderella', 'Pop-Tart', 'Sparky', 'Foghorn', 'Hodl', 'Cutler', 'TruGreen', 'Ricochet', 'Phoenix', 'Waffle House', 'Thesaurus', 'Dear Abby']"
2025-12-12,1,Rudolph,Santa Locks,5,"ao-da-grizz-Would you rather…; Cowbell, Ricola, Celine Dion, Italian Ice, Slapshot"
2025-12-12,1,Comet,Individuals points,100,"['Manhole', 'Meta', 'Dauber', 'Pearl', 'Hot Lava', 'Mahomes', 'Bob Villa', 'Happy Camper', 'Tighty Whities', 'Shankapotomus', 'Wing Stop (F3 Naperville)', 'Pull-up']"
2025-12-13,1,Blitzen,Individuals points,6,['Schlitz']
2025-12-13,1,Vixen,Individuals points,19,"['Blue Gill', 'Dilly Dilly']"
2025-12-13,1,Rudolph,Individuals points,71,"['Homer Simpson', 'Ricola', 'Celine Dion', 'Backstreet', 'Foreclosure', 'Cowbell', 'Napster', 'Folgers', 'Italian Ice']"
2025-12-13,1,Prancer,Individuals points,107,"['Boomer', 'YellowPages', 'Nemo', 'Hank Hill', 'Depends (3rdF Q)', 'Spit Valve', 'Deliverance', 'The Vault', 'Liberty Biberty', 'PFG', 'Tinfoil', 'Sensodyne']"
2025-12-13,1,Donner,Individuals points,62,"['fuzzy navel', 'Chum Bucket', 'Bedpan', 'Mr. Kotter', 'Storm Chaser', 'Juanita', 'Corner Kick']"
2025-12-13,1,Dasher,Individuals points,40,"['Trifecta', 'Dog House', 'Zimmer', 'Old Maid', 'Jellystone', 'Doozie', 'BABYMOMMA']"
2025-12-13,1,Dancer,Individuals points,164,"['Cinderella', 'Pop-Tart', 'Sparky', 'Foghorn', 'Hodl', 'Cutler', 'Ricochet', 'Phoenix', 'Waffle House', 'Party in a bottle', 'Thesaurus', 'Dear Abby', 'DEADBOLT']"
2025-12-13,1,Cupid,Individuals points,39,"['Soft Hands', 'Caboose', 'Duck Hunt', 'Picasso']"
2025-12-13,1,Comet,Individuals points,122,"['Manhole', 'Meta', 'Dauber', 'Peterbilt', 'Hot Lava', 'Mahomes', 'Bob Villa', 'Happy Camper', 'Six Sheets', 'Tighty Whities', 'Shankapotomus', 'Wing Stop (F3 Naperville)', 'Pull-up']"
2025-12-13,1,Blitzen,challenge_flag,1,Blitzen - Schlitz
2025-12-13,1,Dancer,csaup,80,"Dear Abby, Sparky, Pop-Tart, Ricochet, Hodl, Phoenix, Party in a bottle, Waffle House, HandsOn"
2025-12-13,1,Comet,Santa Locks,5,"ao-da-grizz-Boomer's Artic Circle Ruck; Peterbilt, Meta, Dauber, Bob Villa, Happy Camper, Mahomes"
2025-12-13,1,Comet,Santa Locks,10,"ao-the-colosseum-Dauber and Meta’s ladder fun!; Wing Stop (F3 Naperville), Mahomes, Tighty Whities, Peterbilt, Manhole, Shankapotomus, Hot Lava, Six Sheets, Meta, Dauber, Bob Villa, Happy Camper"
2025-12-13,1,Prancer,FNG1,3,The Vault
2025-12-13,1,Comet,FNG5,5,Six Sheets
2025-12-13,1,Dancer,Santa Locks,10,"ao-da-grizz-Boomer's Artic Circle Ruck; Cutler, Cinderella, Dear Abby, Sparky, Waffle House, Phoenix, Hodl, Ricochet, Pop-Tart, Thesaurus, Foghorn"
2025-12-13,1,Dancer,Santa Locks,10,"ao-da-grizz-Poptarts Music Trivia Bootcamp; Hodl, Cutler, Cinderella, Dear Abby, Phoenix, Thesaurus, Waffle House, Ricochet, Pop-Tart, Sparky"
2025-12-13,1,Prancer,Santa Locks,5,"ao-da-grizz-Boomer's Artic Circle Ruck; Tinfoil, Depends (3rdF Q), YellowPages, Hank Hill, Boomer, The Vault, Liberty Biberty, Nemo"
2025-12-13,1,Prancer,Santa Locks,5,"ao-da-grizz-Poptarts Music Trivia Bootcamp; Tinfoil, Depends (3rdF Q), YellowPages, Liberty Biberty, The Vault, Nemo, Hank Hill"
2025-12-13,1,Rudolph,Santa Locks,5,"ao-da-grizz-Boomer's Artic Circle Ruck; Napster, Italian Ice, Celine Dion, Folgers, Cowbell"
2025-12-14,2,Blitzen,challenge_flag,1,Held from previous claim by Blitzen - Schlitz
2025-12-14,2,Blitzen,Individuals points,5,['Schlitz']
2025-12-14,2,Prancer,Individuals points,5,['Boomer']
2025-12-15,2,Blitzen,Individuals points,9,"['Schlitz', 'Just Dance', 'Derailed']"
2025-12-15,2,Cupid,Individuals points,6,"['Bunker', 'Sparkler']"
2025-12-15,2,Dancer,Individuals points,7,"['Hodl', 'Cutler']"
2025-12-15,2,Dasher,Individuals points,3,['Scratch and Dent']
2025-12-15,2,Donner,Individuals points,20,"['Chum Bucket', 'Bedpan', 'Mr. Kotter', 'Mr. Belding', 'Hanger', 'Corner Kick']"
2025-12-15,2,Prancer,Individuals points,7,"['Dilbert', 'Hank Hill']"
2025-12-15,2,Vixen,Individuals points,15,"['5-Putt', 'Dilly Dilly', 'Broomstick', 'Stitch', 'Hackman']"
2025-12-15,2,Comet,Individuals points,15,"['Manhole', 'Meta', 'Dauber', 'Hot Lava', 'Pull-up']"
2025-12-15,2,Blitzen,challenge_flag,1,Held from previous claim by Blitzen - Schlitz
2025-12-16,2,Vixen,Individuals points,17,"['Dilly Dilly', 'Broomstick', 'Hackman', 'Fish Tape']"
2025-12-16,2,Rudolph,Individuals points,10,"['Foreclosure', 'Mapquest']"
2025-12-16,2,Prancer,Individuals points,46,"['Boomer', 'Dilbert', 'Nemo', 'Hank Hill', 'Depends (3rdF Q)', 'Spit Valve', 'The Vault', 'Tinfoil', 'Circuit City']"
2025-12-16,2,Dasher,Individuals points,15,"['Scratch and Dent', 'Zimmer', 'Old Maid', 'Jellystone', 'Doozie']"
2025-12-16,2,Donner,Individuals points,18,"['fuzzy navel', 'Chum Bucket', 'Mr. Kotter', 'Mr. Belding', 'Juanita', 'Celler Dweller']"
2025-12-16,2,Dancer,Individuals points,23,"['Sparky', 'Cutler', 'Ricochet', 'Party in a bottle', 'Dear Abby', 'HandsOn']"
2025-12-16,2,Cupid,Individuals points,19,"['Soft Hands', 'Caboose', 'Bunker', 'Sparkler', 'Sizzler']"
2025-12-16,2,Comet,Individuals points,43,"['Meta', 'Dauber', 'Peterbilt', 'Hot Lava', 'Mahomes', 'Bob Villa', 'Happy Camper', 'Six Sheets', 'Tighty Whities', 'Shankapotomus', 'Pull-up', 'Danica', 'Algorithm']"
2025-12-16,2,Blitzen,Individuals points,13,"['SkidMark', 'Morticia', 'Pee Wee Herman', 'Foundation']"
2025-12-16,2,Comet,Santa Locks,5,"ao-the-ridge-Foundation at The Ridge – Simple, Effective, Full ...; Meta, Six Sheets, Happy Camper, Danica, Algorithm, Tighty Whities, Shankapotomus"
2025-12-16,2,Comet,Santa Locks,5,"ao-el-coyote-Ruck or Run your choice; Meta, Dauber, Bob Villa, Hot Lava, Peterbilt, Mahomes"
2025-12-16,2,Blitzen,challenge_flag,1,Held from previous claim by Blitzen - Schlitz
2025-12-17,2,Rudolph,Individuals points,15,"['Celine Dion', 'Foreclosure', 'Napster', 'Slapshot', 'BoilerUp']"
2025-12-17,2,Prancer,Individuals points,39,"['Boomer', 'Dilbert', 'YellowPages', 'Nemo', 'Hank Hill', 'Depends (3rdF Q)', 'Spit Valve', 'Tinfoil', 'Circuit City', 'The Worm', 'Flo']"
2025-12-17,2,Dancer,Individuals points,25,"['Cinderella', 'Pop-Tart', 'Foghorn', 'Hodl', 'Cutler', 'Thesaurus', 'Dear Abby', 'Boston Butt']"
2025-12-17,2,Dasher,Individuals points,7,"['Scratch and Dent', 'Jellystone']"
2025-12-17,2,Comet,Individuals points,12,"['Dauber', 'Happy Camper', 'Pull-up', 'Danica']"
2025-12-17,2,Blitzen,Individuals points,6,"['SkidMark', 'Morticia']"
2025-12-17,2,Donner,Individuals points,35,"['Chum Bucket', 'Bedpan', 'Mr. Kotter', 'Peashooter', 'Storm Chaser', 'Mr. Belding', 'John Denver', 'Trickle', 'Hanger', 'Corner Kick', 'Celler Dweller']"
2025-12-17,2,Vixen,Individuals points,13,"['5-Putt', 'Dilly Dilly', 'vern', 'Broomstick']"
2025-12-17,2,Cupid,Individuals points,13,"['Soft Hands', 'Bunker', 'Spike Horn', 'Sparkler']"
2025-12-17,2,Blitzen,challenge_flag,1,Held from previous claim by Blitzen - Schlitz
2025-12-18,2,Dasher,Individuals points,12,"['Zimmer', 'Old Maid']"
2025-12-18,2,Blitzen,Individuals points,20,"['Schlitz', 'SkidMark', 'Xena- Warrior Princess', 'Gopher']"
2025-12-18,2,Comet,Individuals points,30,"['Manhole', 'Dauber', 'Bob Villa', 'Happy Camper', 'Pull-up', 'Danica']"
2025-12-18,2,Blitzen,challenge_flag,1,Held from previous claim by Blitzen - Schlitz
2025-12-18,2,Dancer,Individuals points,37,"['Sparky', 'Hodl', 'Cutler', 'TruGreen', 'Ricochet', 'Party in a bottle', 'Thesaurus', 'Dear Abby', 'HandsOn']"
2025-12-18,2,Cupid,Individuals points,10,"['Soft Hands', 'Spike Horn', 'Sparkler']"
2025-12-18,2,Prancer,Individuals points,21,"['Boomer', 'Depends (3rdF Q)', 'Liberty Biberty', 'Circuit City', 'Flo']"
2025-12-18,2,Rudolph,Individuals points,9,"['Foreclosure', 'Napster', 'Mapquest']"
2025-12-18,2,Vixen,Individuals points,14,"['5-Putt', 'Dilly Dilly', 'vern', 'Broomstick']"
2025-12-18,2,Donner,Individuals points,22,"['fuzzy navel', 'Chum Bucket', 'Bedpan', 'Mr. Belding', 'Celler Dweller']"
2025-12-19,2,Cupid,Individuals points,6,"['Duck Hunt', 'Sparkler']"
2025-12-19,2,Rudolph,Individuals points,9,"['Cowbell', 'Italian Ice', 'Slapshot']"
2025-12-19,2,Dancer,Individuals points,19,"['Cinderella', 'Foghorn', 'Cutler', 'Party in a bottle', 'HandsOn']"
2025-12-19,2,Dasher,Individuals points,11,"['Scratch and Dent', 'UPS']"
2025-12-19,2,Donner,Individuals points,9,"['Bedpan', 'Mr. Kotter', 'Corner Kick']"
2025-12-19,2,Prancer,Individuals points,36,"['Boomer', 'Dilbert', 'YellowPages', 'Nemo', 'Hank Hill', 'Depends (3rdF Q)', 'Spit Valve', 'Liberty Biberty', 'The Worm']"
2025-12-19,2,Vixen,Individuals points,13,"['5-Putt', 'Dilly Dilly', 'Broomstick']"
2025-12-19,2,Comet,Individuals points,10,"['Dauber', 'Pull-up', 'DJ Sump Pump']"
2025-12-19,2,Blitzen,Individuals points,3,['Foundation']
2025-12-19,2,Blitzen,challenge_flag,1,Held from previous claim by Blitzen - Schlitz
2025-12-20,2,Vixen,Individuals points,8,['Dilly Dilly']
2025-12-20,2,Rudolph,Individuals points,16,"['Cowbell', 'Italian Ice', 'Slapshot']"
2025-12-20,2,Blitzen,Individuals points,9,"['Schlitz', 'Foundation']"
2025-12-20,2,Prancer,Individuals points,20,"['Boomer', 'YellowPages', 'Hank Hill']"
2025-12-20,2,Donner,Individuals points,25,"['fuzzy navel', 'Bedpan', 'Mr. Kotter', 'Juanita', 'Hanger']"
2025-12-20,2,Dasher,Individuals points,12,"['Scratch and Dent', 'Old Maid', 'UPS']"
2025-12-20,2,Dancer,Individuals points,18,"['Sparky', 'Hodl', 'Party in a bottle', 'Thesaurus']"
2025-12-20,2,Cupid,Individuals points,6,"['Duck Hunt', 'Laces Out']"
2025-12-20,2,Blitzen,challenge_flag,1,Held from previous claim by Blitzen - Schlitz
2025-12-20,2,Comet,Individuals points,9,"['Peterbilt', 'Pearl', 'Mahomes']"
2025-12-21,3,Blitzen,challenge_flag,1,Held from previous claim by Blitzen - Schlitz
2025-12-21,3,Blitzen,Individuals points,5,['Schlitz']
2025-12-21,3,Comet,Individuals points,5,['Mahomes']
2025-12-21,3,Donner,Individuals points,5,['Bedpan']
2025-12-21,3,Prancer,Individuals points,5,['Boomer']
2025-12-22,3,Prancer,FNG1,3,Dungeon Master
2025-12-22,3,Cupid,Individuals points,9,"['Caboose', 'Bunker', 'Sparkler']"
2025-12-22,3,Prancer,Santa Locks,5,"ao-the-grove-Foundation's school is in session; Dungeon Master, The Worm, Dilbert, Tinfoil, Boomer, Hank Hill"
2025-12-22,3,Vixen,Santa Locks,5,"ao-the-ridge-Poptarts Core and More burner; Hat Trick, Fish Tape, vern, Hackman, 5-Putt, Dilly Dilly"
2025-12-22,3,Blitzen,Individuals points,19,"['Schlitz', 'SkidMark', 'Gopher', 'Just Dance', 'Pee Wee Herman', 'Foundation']"
2025-12-22,3,Vixen,Individuals points,21,"['Blue Gill', '5-Putt', 'Dilly Dilly', 'vern', 'Hackman', 'Fish Tape', 'Hat Trick']"
2025-12-22,3,Blitzen,challenge_flag,1,Held from previous claim by Blitzen - Schlitz
2025-12-22,3,Prancer,Individuals points,27,"['Boomer', 'Dilbert', 'Nemo', 'Hank Hill', 'Tinfoil', 'The Worm', 'Flo', 'Sensodyne', 'Dungeon Master']"
2025-12-22,3,Donner,Individuals points,12,"['Chum Bucket', 'Bedpan', 'Corner Kick', 'Celler Dweller']"
2025-12-22,3,Dasher,Individuals points,7,"['Scratch and Dent', 'Jellystone']"
2025-12-22,3,Dancer,Individuals points,19,"['Cinderella', 'Pop-Tart', 'Foghorn', 'Hodl', 'Cutler', 'Party in a bottle']"
2025-12-22,3,Rudolph,Individuals points,6,"['Foreclosure', 'Napster']"
2025-12-22,3,Comet,Individuals points,19,"['Dauber', 'Hot Lava', 'Mahomes', 'Happy Camper', 'Pull-up', 'Algorithm']"
2025-12-23,3,Blitzen,Individuals points,9,"['Schlitz', 'SkidMark', 'Morticia']"
2025-12-23,3,Comet,Individuals points,34,"['Manhole', 'Peterbilt', 'Mahomes', 'Bob Villa', 'Happy Camper', 'Shankapotomus', 'Pull-up', 'Algorithm']"
2025-12-23,3,Cupid,Individuals points,19,"['Soft Hands', 'Bunker', 'Sparkler', 'Sizzler', 'Otto Man']"
2025-12-23,3,Dancer,Individuals points,17,"['Cinderella', 'Sparky', 'Hodl', 'Cutler', 'Ricochet']"
2025-12-23,3,Dasher,Individuals points,12,"['Scratch and Dent', 'Zimmer', 'Old Maid', 'Doozie']"
2025-12-23,3,Prancer,Individuals points,36,"['Boomer', 'YellowPages', 'Nemo', 'Hank Hill', 'Depends (3rdF Q)', 'Spit Valve', 'Liberty Biberty']"
2025-12-23,3,Rudolph,Individuals points,11,"['Foreclosure', 'Napster', 'Nickelback']"
2025-12-23,3,Vixen,Individuals points,12,"['Den Mother', '5-Putt', 'Dilly Dilly', 'vern']"
2025-12-23,3,Donner,Individuals points,23,"['fuzzy navel', 'Chum Bucket', 'Bedpan', 'Mr. Kotter', 'Mr. Belding', 'Hanger', 'Corner Kick']"
2025-12-23,3,Blitzen,challenge_flag,1,Held from previous claim by Blitzen - Schlitz
2025-12-24,3,Vixen,Individuals points,9,"['5-Putt', 'Dilly Dilly', 'Fish Tape']"
2025-12-24,3,Rudolph,Individuals points,22,"['Celine Dion', 'Foreclosure', 'Cowbell', 'Napster', 'Nickelback', 'BoilerUp', 'Dan-D-LION']"
2025-12-24,3,Prancer,Individuals points,26,"['Boomer', 'YellowPages', 'Hank Hill', 'Liberty Biberty', 'Tinfoil', 'The Worm', 'Sensodyne']"
2025-12-24,3,Donner,Individuals points,20,"['Chum Bucket', 'Mr. Kotter', 'Storm Chaser', 'Mr. Belding', 'Hanger']"
2025-12-24,3,Dasher,Individuals points,10,['Zimmer']
2025-12-24,3,Blitzen,challenge_flag,1,Held from previous claim by Blitzen - Schlitz
2025-12-24,3,Dancer,Individuals points,15,"['Cinderella', 'Foghorn', 'Hodl', 'Cutler', 'Thesaurus']"
2025-12-24,3,Cupid,Individuals points,27,"['Soft Hands', 'Caboose', 'Bunker', 'Duck Hunt', 'Spike Horn', 'Sparkler', 'Singer', 'Sizzler', 'Otto Man']"
2025-12-24,3,Comet,Individuals points,31,"['Dauber', 'Mahomes', 'Bob Villa', 'Happy Camper', 'Shankapotomus', 'Pull-up', 'Algorithm']"
2025-12-24,3,Blitzen,Individuals points,26,"['Schlitz', 'Morticia', 'Gopher', 'Just Dance', 'Foundation']"
2025-12-24,3,Rudolph,FNG1,3,Dan-D-LION
2025-12-25,3,Prancer,Individuals points,9,"['Boomer', 'Hank Hill', 'Deliverance']"
2025-12-25,3,Blitzen,Individuals points,6,"['Schlitz', 'Foundation']"
2025-12-25,3,Donner,Individuals points,6,"['Bedpan', 'Celler Dweller']"
2025-12-25,3,Dancer,Individuals points,12,"['Pop-Tart', 'Sparky', 'Party in a bottle', 'Thesaurus']"
2025-12-25,3,Rudolph,Individuals points,10,"['Backstreet', 'Napster', 'Slapshot']"
2025-12-25,3,Vixen,Individuals points,9,"['Scuba Steve', 'Fish Tape', 'Hat Trick']"
2025-12-25,3,Blitzen,challenge_flag,1,Held from previous claim by Blitzen - Schlitz
2025-12-25,3,Comet,Individuals points,6,"['Peterbilt', 'Algorithm']"
2025-12-26,3,Blitzen,Individuals points,3,['SkidMark']
2025-12-26,3,Comet,Individuals points,12,"['Mahomes', 'Bob Villa', 'Pull-up', 'Algorithm']"
2025-12-26,3,Cupid,Individuals points,6,"['Duck Hunt', 'Sparkler']"
2025-12-26,3,Dasher,Individuals points,6,"['Scratch and Dent', 'Zimmer']"
2025-12-26,3,Donner,Individuals points,19,"['Chum Bucket', 'Bedpan', 'Mr. Kotter', 'Trickle', 'Juanita', 'Hanger']"
2025-12-26,3,Prancer,Individuals points,35,"['Boomer', 'Nemo', 'Hank Hill', 'Depends (3rdF Q)', 'Spit Valve', 'Liberty Biberty']"
2025-12-26,3,Rudolph,Individuals points,3,['Foreclosure']
2025-12-26,3,Vixen,Individuals points,6,"['5-Putt', 'Dilly Dilly']"
2025-12-26,3,Dancer,Individuals points,3,['Hodl']
2025-12-26,3,Blitzen,challenge_flag,1,Held from previous claim by Blitzen - Schlitz
2025-12-27,3,Donner,Individuals points,22,"['Chum Bucket', 'Mr. Kotter', 'Juanita', 'Hanger', 'Large Marge']"
2025-12-27,3,Vixen,Individuals points,13,"['5-Putt', 'Dilly Dilly']"
2025-12-27,3,Rudolph,Santa Locks,5,"ao-da-grizz-Ducks morning Crabs; Slapshot, Celine Dion, Italian Ice, Folgers, Foreclosure"
2025-12-27,3,Rudolph,Santa Locks,5,"ao-da-grizz-Misty Morning Miles Ruck Club; Celine Dion, Slapshot, Italian Ice, Napster, Folgers"
2025-12-27,3,Rudolph,Individuals points,33,"['Celine Dion', 'Backstreet', 'Foreclosure', 'Napster', 'Folgers', 'Italian Ice', 'Slapshot']"
2025-12-27,3,Prancer,Individuals points,22,"['Boomer', 'YellowPages', 'Hank Hill', 'Spit Valve']"
2025-12-27,3,Blitzen,challenge_flag,1,Held from previous claim by Blitzen - Schlitz
2025-12-27,3,Dancer,Individuals points,12,"['Sparky', 'Hodl', 'Party in a bottle']"
2025-12-27,3,Cupid,Individuals points,10,"['Duck Hunt', 'Sparkler', 'Laces Out']"
2025-12-27,3,Comet,Individuals points,24,"['Mahomes', 'Pull-up', 'Algorithm']"
2025-12-27,3,Blitzen,Individuals points,6,"['Schlitz', 'Sailer Moon']"
2025-12-28,4,Prancer,Individuals points,5,['Boomer']
2025-12-28,4,Blitzen,Individuals points,5,['Schlitz']
2025-12-28,4,Blitzen,challenge_flag,1,Held from previous claim by Blitzen - Schlitz
2025-12-29,4,Blitzen,Individuals points,3,['Just Dance']
2025-12-29,4,Blitzen,challenge_flag,1,Held from previous claim by Blitzen - Schlitz
2025-12-29,4,Vixen,Individuals points,9,"['Blue Gill', '5-Putt', 'Stitch']"
2025-12-29,4,Rudolph,Individuals points,12,"['Celine Dion', 'Foreclosure', 'Napster', 'Rabbit']"
2025-12-29,4,Prancer,Individuals points,10,"['Nemo', 'Hank Hill', 'Dungeon Master']"
2025-12-29,4,Rudolph,FNG_VQ,7,Rabbit
2025-12-29,4,Vixen,FNG5,5,Stitch
2025-12-29,4,Donner,Individuals points,13,"['Chum Bucket', 'Bedpan', 'Storm Chaser', 'Corner Kick']"
2025-12-29,4,Dasher,Individuals points,12,"['Scratch and Dent', 'Old Maid', 'Jellystone', 'UPS']"
2025-12-29,4,Comet,Individuals points,4,['Pull-up']
2025-12-29,4,Cupid,Individuals points,10,"['Caboose', 'Bunker', 'Sparkler']"
2025-12-29,4,Dancer,Individuals points,12,"['Cinderella', 'Hodl', 'Cutler', 'Party in a bottle']"
2025-12-30,4,Dasher,Individuals points,12,"['Scratch and Dent', 'Jellystone', 'UPS', 'BORG']"
2025-12-30,4,Vixen,Individuals points,18,"['Blue Gill', '5-Putt', 'Dilly Dilly', 'vern', 'Broomstick', 'Hat Trick']"
2025-12-30,4,Rudolph,Individuals points,6,"['Foreclosure', 'Napster']"
2025-12-30,4,Prancer,Individuals points,40,"['Boomer', 'Hank Hill', 'Spit Valve', 'The Worm', 'Flo']"
2025-12-30,4,Donner,Individuals points,16,"['fuzzy navel', 'Chum Bucket', 'Bedpan', 'John Denver', 'Corner Kick']"
2025-12-30,4,Dancer,Individuals points,20,"['Cinderella', 'Foghorn', 'Hodl', 'Cutler', 'Ricochet', 'Party in a bottle']"
2025-12-30,4,Cupid,Individuals points,21,"['Soft Hands', 'Bunker', 'Duck Hunt', 'Sparkler', 'Singer', 'Otto Man']"
2025-12-30,4,Dasher,FNG1,3,BORG
2025-12-30,4,Blitzen,Individuals points,4,['Foundation']
2025-12-30,4,Blitzen,challenge_flag,1,Held from previous claim by Blitzen - Schlitz
2025-12-30,4,Comet,Individuals points,14,"['Mahomes', 'Bob Villa', 'Happy Camper', 'Pull-up']"
2025-12-31,4,Prancer,Individuals points,18,"['Boomer', 'YellowPages', 'Hank Hill', 'Spit Valve', 'Deliverance', 'Liberty Biberty']"
2025-12-31,4,Donner,Individuals points,19,"['Chum Bucket', 'Bedpan', 'Mr. Kotter', 'Hanger', 'Celler Dweller', 'Moist']"
2025-12-31,4,Vixen,Individuals points,12,"['5-Putt', 'Dilly Dilly', 'vern', 'Stitch']"
2025-12-31,4,Rudolph,Individuals points,12,"['Celine Dion', 'Napster', 'BoilerUp', 'Dr. Loco']"
2025-12-31,4,Dasher,Individuals points,17,"['Scratch and Dent', 'Zimmer', 'Old Maid', 'Jellystone', 'UPS']"
2025-12-31,4,Blitzen,challenge_flag,1,Held from previous claim by Blitzen - Schlitz
2025-12-31,4,Cupid,Individuals points,21,"['Soft Hands', 'Caboose', 'Bunker', 'Duck Hunt', 'Sparkler', 'Singer', 'Otto Man']"
2025-12-31,4,Comet,Individuals points,17,"['Peterbilt', 'Mahomes', 'Happy Camper', 'Pull-up', 'Algorithm']"
2025-12-31,4,Blitzen,Individuals points,6,"['SkidMark', 'Kidney Beans']"
2025-12-31,4,Rudolph,FNG1,3,Dr. Loco
2025-12-31,4,Dancer,Individuals points,12,"['Foghorn', 'Hodl', 'Cutler', 'Dear Abby']"
2026-01-01,4,Vixen,Individuals points,13,"['5-Putt', 'Broomstick', 'Scuba Steve']"
2026-01-01,4,Rudolph,Individuals points,4,['Napster']
2026-01-01,4,Prancer,Individuals points,13,"['Boomer', 'Nemo', 'Spit Valve']"
2026-01-01,4,Donner,Individuals points,6,"['Bedpan', 'Mr. Kotter']"
2026-01-01,4,Blitzen,challenge_flag,1,Held from previous claim by Blitzen - Schlitz
2026-01-01,4,Dancer,Individuals points,14,"['Sparky', 'Foghorn', 'Cutler', 'Dear Abby']"
2026-01-01,4,Cupid,Individuals points,11,"['Duck Hunt', 'Sparkler']"
2026-01-01,4,Comet,Individuals points,9,"['Mahomes', 'Happy Camper', 'Pull-up']"
2026-01-01,4,Blitzen,Individuals points,3,['Schlitz']
2026-01-01,4,Dasher,Individuals points,4,['Zimmer']
2026-01-02,4,Blitzen,challenge_flag,1,Held from previous claim by Blitzen - Schlitz
2026-01-02,4,Rudolph,Individuals points,3,['Foreclosure']
2026-01-02,4,Blitzen,Individuals points,3,['Foundation']
2026-01-02,4,Comet,Individuals points,19,"['Meta', 'Dauber', 'Bob Villa', 'Happy Camper', 'Pull-up', 'Algorithm']"
2026-01-02,4,Cupid,Individuals points,20,"['Soft Hands', 'Caboose', 'Sparkler', 'Singer', 'Otto Man']"
2026-01-02,4,Dancer,Individuals points,16,"['Foghorn', 'Hodl', 'Cutler', 'Party in a bottle', 'Dear Abby']"
2026-01-02,4,Dasher,Individuals points,3,['Scratch and Dent']
2026-01-02,4,Donner,Individuals points,19,"['Chum Bucket', 'Bedpan', 'Mr. Kotter', 'John Denver', 'Juanita', 'Celler Dweller']"
2026-01-02,4,Prancer,Individuals points,18,"['Dilbert', 'Nemo', 'Depends (3rdF Q)', 'Spit Valve', 'Liberty Biberty', 'Dungeon Master']"
2026-01-02,4,Vixen,Individuals points,19,"['5-Putt', 'vern', 'Broomstick', 'Stitch', 'Fish Tape']"