region,user_id,user_name,total_posts,last_post_date,first_post_date,posts_last_month,posts_prior_month,posts_2_months_ago,posts_3_months_ago,posts_4_months_ago,posts_5_months_ago,posts_6_months_ago,posts_7_months_ago,posts_8_months_ago,posts_9_months_ago,posts_10_months_ago,posts_11_months_ago,posts_12_months_ago,pax_status
F3P,U016890PYHM,Bedpan,202,2025-10-21,2024-10-21,17.0,19.0,17.0,13.0,17.0,17.0,18.0,13.0,16.0,14.0,20.0,20.0,1.0,active
F3P,U016M1Z8NLE,Happy Camper,188,2025-10-21,2024-10-23,12.0,9.0,14.0,8.0,19.0,15.0,13.0,15.0,17.0,22.0,21.0,23.0,0.0,active
F3P,U016VPSQSFR,Trickle,42,2025-10-13,2024-10-21,2.0,3.0,2.0,1.0,1.0,4.0,2.0,3.0,5.0,7.0,3.0,8.0,1.0,active
F3P,U016ZUU67BN,5-Putt,272,2025-10-20,2024-10-21,22.0,21.0,25.0,19.0,22.0,24.0,20.0,23.0,23.0,23.0,24.0,25.0,1.0,active
F3P,U0171KQRB6D,vern,240,2025-10-21,2024-10-22,18.0,17.0,18.0,19.0,19.0,24.0,19.0,21.0,22.0,19.0,24.0,20.0,0.0,active
F3P,U017QPPJVJ5,Bob Villa,188,2025-10-21,2024-10-30,14.0,17.0,8.0,21.0,28.0,27.0,23.0,14.0,9.0,5.0,8.0,14.0,0.0,active
F3P,U018098KAAC,Sparkler,210,2025-10-20,2024-10-21,16.0,20.0,20.0,16.0,15.0,18.0,17.0,18.0,14.0,21.0,17.0,17.0,1.0,active
F3P,U019MT194E7,Jellystone,146,2025-10-21,2024-10-22,6.0,10.0,23.0,5.0,9.0,20.0,18.0,9.0,12.0,7.0,13.0,14.0,0.0,active
F3P,U020A7W78FQ,Mr. Belding,179,2025-10-20,2024-10-21,10.0,16.0,16.0,13.0,14.0,16.0,13.0,18.0,12.0,14.0,14.0,22.0,1.0,active
F3P,U02KN9HUSE6,Soft Hands,94,2025-10-17,2024-10-22,7.0,8.0,6.0,8.0,12.0,7.0,7.0,7.0,6.0,7.0,8.0,11.0,0.0,active
F3P,U03FQ2U8UJK,Mapquest,94,2025-10-16,2024-10-22,7.0,4.0,11.0,8.0,8.0,10.0,8.0,8.0,8.0,7.0,4.0,11.0,0.0,active
F3P,U03TX17L7AQ,Foreclosure,167,2025-10-21,2024-10-21,16.0,19.0,10.0,17.0,12.0,15.0,14.0,12.0,14.0,13.0,11.0,13.0,1.0,active
F3P,U040Y3RQPNJ,Six Sheets,64,2025-07-24,2024-10-23,0.0,0.0,1.0,10.0,9.0,3.0,0.0,0.0,0.0,4.0,14.0,23.0,0.0,kotter
F3P,U056VUVJ63D,Napster,184,2025-10-21,2024-10-24,9.0,13.0,20.0,19.0,18.0,16.0,12.0,16.0,13.0,9.0,17.0,22.0,0.0,active
F3P,U05C8DP6YS0,Algorithm,112,2025-10-20,2024-10-21,11.0,8.0,11.0,7.0,14.0,7.0,7.0,9.0,9.0,11.0,9.0,8.0,1.0,active
F3P,U05LL7ESE79,Cutler,263,2025-10-08,2024-10-21,11.0,22.0,25.0,23.0,26.0,19.0,22.0,14.0,26.0,22.0,22.0,30.0,1.0,active
F3P,U07KLPFH1L4,Landis,2,2024-12-27,2024-11-22,0.0,0.0,0.0,0.0,0.0,0.0,0.0,0.0,0.0,1.0,1.0,0.0,0.0,nonkotter
F3P,U08U4PQV3DJ,Phoenix,68,2025-10-16,2025-05-28,2.0,4.0,18.0,21.0,23.0,0.0,0.0,0.0,0.0,0.0,0.0,0.0,0.0,active
F3P,U016TRPRHKL,Den Mother,104,2025-10-21,2024-10-22,7.0,10.0,6.0,6.0,10.0,14.0,8.0,9.0,8.0,9.0,7.0,10.0,0.0,active
F3P,U017BQTUL3D,John Denver,72,2025-10-20,2024-10-22,6.0,3.0,7.0,4.0,7.0,5.0,8.0,8.0,6.0,7.0,5.0,6.0,0.0,active
F3P,U0194BS469Y,Bunny Hill,17,2025-09-26,2024-10-21,1.0,1.0,1.0,0.0,0.0,3.0,2.0,2.0,0.0,3.0,2.0,1.0,1.0,active
F3P,U031LSD0SP7,Plunger,6,2025-03-14,2024-11-05,0.0,0.0,0.0,0.0,0.0,0.0,0.0,1.0,2.0,1.0,1.0,1.0,0.0,nonkotter
F3P,U03765UPB8C,Chum Bucket,222,2025-10-21,2024-10-22,19.0,13.0,22.0,16.0,25.0,19.0,20.0,15.0,17.0,14.0,20.0,22.0,0.0,active
F3P,U03SX99V3PU,Meta,258,2025-10-21,2024-10-21,27.0,18.0,24.0,28.0,29.0,21.0,19.0,21.0,18.0,13.0,14.0,25.0,1.0,active
F3P,U04H6HMNPH9,Cinderella,119,2025-10-20,2024-10-22,10.0,7.0,8.0,8.0,5.0,9.0,8.0,7.0,8.0,7.0,19.0,23.0,0.0,active
F3P,U05TUKL5N87,Zimmer,197,2025-10-17,2024-10-22,14.0,13.0,21.0,18.0,16.0,14.0,14.0,15.0,13.0,14.0,19.0,26.0,0.0,active
F3P,U05ULCL3806,Mr. Kotter,143,2025-10-20,2024-10-23,16.0,12.0,9.0,9.0,10.0,7.0,5.0,4.0,7.0,19.0,25.0,20.0,0.0,active
F3P,U061CBW96MA,Singer,158,2025-10-21,2024-10-21,24.0,24.0,16.0,13.0,5.0,8.0,8.0,12.0,4.0,12.0,12.0,19.0,1.0,active
F3P,U07RD0ACG80,Nemo,207,2025-10-21,2024-10-21,15.0,16.0,17.0,18.0,19.0,15.0,17.0,16.0,14.0,16.0,23.0,20.0,1.0,active
F3P,U016P7DMTGT,Boston Butt,54,2025-10-09,2024-10-23,3.0,4.0,2.0,0.0,0.0,6.0,9.0,5.0,6.0,6.0,5.0,8.0,0.0,active
F3P,U03SUM8JU2Z,Spike Horn,32,2025-10-03,2024-11-02,3.0,1.0,2.0,3.0,4.0,2.0,5.0,1.0,3.0,3.0,2.0,3.0,0.0,active
F3P,U0536BG9AMU,TruGreen,126,2025-10-03,2024-10-23,4.0,12.0,6.0,5.0,14.0,16.0,12.0,12.0,7.0,7.0,13.0,18.0,0.0,active
F3P,U080FGLKUH5,Hodl,192,2025-10-21,2024-11-14,17.0,16.0,9.0,18.0,22.0,20.0,13.0,15.0,21.0,19.0,16.0,6.0,0.0,active
F3P,U08C28HK3KN,Feta,17,2025-04-09,2025-02-06,0.0,0.0,0.0,0.0,0.0,0.0,5.0,3.0,9.0,0.0,0.0,0.0,0.0,nonkotter
F3P,U017Q6TF0TB,Gopher,57,2025-10-20,2024-10-21,1.0,1.0,0.0,2.0,4.0,6.0,4.0,3.0,6.0,8.0,7.0,14.0,1.0,active
F3P,U073J179LHM,Sizzler,160,2025-10-21,2024-10-22,9.0,12.0,14.0,11.0,16.0,12.0,11.0,11.0,8.0,14.0,15.0,27.0,0.0,active
F3P,U016V6KHM36,Dilly Dilly,167,2025-10-20,2024-10-22,15.0,17.0,19.0,11.0,17.0,13.0,4.0,11.0,12.0,10.0,21.0,17.0,0.0,active
F3P,U02F2UV0MCL,Blue Gill,177,2025-10-20,2024-10-21,9.0,16.0,10.0,13.0,18.0,19.0,9.0,12.0,18.0,9.0,18.0,25.0,1.0,active
F3P,U051330RY2J,Depends (3rdF Q),217,2025-10-21,2024-10-21,18.0,17.0,15.0,14.0,19.0,20.0,18.0,18.0,17.0,11.0,22.0,27.0,1.0,active
F3P,U070NTWF7G8,Foghorn,148,2025-10-20,2024-10-22,10.0,12.0,14.0,14.0,15.0,11.0,12.0,13.0,12.0,5.0,12.0,18.0,0.0,active
F3P,U07U0NE8DJ8,Safety Meeting,18,2025-10-17,2024-10-30,6.0,0.0,0.0,0.0,0.0,0.0,0.0,0.0,0.0,1.0,1.0,10.0,0.0,active
F3P,U01B8FLBHKP,Nickelback,52,2025-09-24,2024-11-15,1.0,0.0,6.0,1.0,0.0,3.0,8.0,10.0,6.0,5.0,10.0,2.0,0.0,active
F3P,U02LGCKH24W,Sensodyne,70,2025-10-17,2024-10-30,6.0,7.0,10.0,5.0,10.0,5.0,5.0,3.0,5.0,6.0,4.0,4.0,0.0,active
F3P,U071GSVM24B,Spit Valve,204,2025-10-17,2024-10-21,14.0,18.0,16.0,17.0,17.0,11.0,12.0,14.0,20.0,16.0,24.0,24.0,1.0,active
F3P,U07LY4K586M,Moist,120,2025-10-17,2024-10-21,8.0,12.0,12.0,9.0,14.0,12.0,12.0,3.0,7.0,2.0,7.0,21.0,1.0,active
F3P,U08RER38J8M,BeSt in ShOw,20,2025-08-02,2025-05-09,0.0,0.0,2.0,3.0,10.0,5.0,0.0,0.0,0.0,0.0,0.0,0.0,0.0,kotter
F3P,U08RFHRKC5P,Alter boy,41,2025-08-04,2025-05-06,0.0,0.0,3.0,7.0,19.0,12.0,0.0,0.0,0.0,0.0,0.0,0.0,0.0,kotter
F3P,U017Q7Q4CSD,Ozark,73,2025-10-18,2024-10-22,4.0,4.0,2.0,0.0,5.0,6.0,3.0,4.0,11.0,7.0,9.0,18.0,0.0,active
F3P,U017QPPK1FB,s,10,2024-11-16,2024-10-25,0.0,0.0,0.0,0.0,0.0,0.0,0.0,0.0,0.0,0.0,0.0,10.0,0.0,nonkotter
F3P,U01APFBACP8,Morticia,147,2025-10-16,2024-10-22,10.0,14.0,14.0,10.0,11.0,16.0,8.0,10.0,11.0,10.0,12.0,21.0,0.0,active
F3P,U02A96W697X,Dauber,265,2025-10-21,2024-10-21,23.0,28.0,16.0,17.0,23.0,26.0,21.0,21.0,23.0,18.0,25.0,23.0,1.0,active
F3P,U02NST5BMKJ,Dear Abby,180,2025-10-21,2024-10-21,10.0,16.0,19.0,12.0,17.0,14.0,13.0,15.0,16.0,13.0,16.0,18.0,1.0,active
F3P,U03ESCYKTGR,Squidward,23,2025-08-02,2024-11-02,0.0,0.0,1.0,0.0,0.0,1.0,0.0,1.0,1.0,0.0,5.0,14.0,0.0,kotter
F3P,U03SJESV9JR,BABYMOMMA,29,2025-08-02,2024-10-22,0.0,0.0,4.0,1.0,0.0,3.0,1.0,0.0,1.0,0.0,2.0,17.0,0.0,kotter
F3P,U03TL1GG31B,Freon,7,2025-05-13,2024-10-24,0.0,0.0,0.0,0.0,0.0,2.0,0.0,0.0,0.0,0.0,2.0,3.0,0.0,kotter
F3P,U04C9LC424U,Norm,25,2025-05-10,2024-10-24,0.0,0.0,0.0,0.0,0.0,1.0,0.0,0.0,1.0,0.0,10.0,13.0,0.0,kotter
F3P,U04RQB0TXFS,Hot Lava,71,2025-10-16,2024-10-22,4.0,5.0,6.0,2.0,6.0,5.0,2.0,5.0,3.0,2.0,15.0,16.0,0.0,active
F3P,U058F8J3PNK,Danica,46,2025-09-10,2024-10-24,0.0,1.0,0.0,4.0,9.0,12.0,0.0,1.0,0.0,1.0,2.0,16.0,0.0,kotter
F3P,U05FDSP0YD7,Peterbilt,45,2025-10-16,2024-10-30,4.0,0.0,2.0,4.0,2.0,6.0,1.0,0.0,0.0,0.0,13.0,13.0,0.0,active
F3P,U05H6UA0KCK,Trifecta,45,2025-09-26,2024-10-23,2.0,1.0,3.0,0.0,0.0,1.0,0.0,2.0,4.0,4.0,12.0,16.0,0.0,active
F3P,U0603QP17QE,Ecto Cooler,104,2025-07-26,2024-10-22,0.0,0.0,1.0,2.0,4.0,14.0,8.0,6.0,12.0,15.0,18.0,24.0,0.0,kotter
F3P,U064F9H5MAR,Dog House,24,2025-06-27,2024-10-30,0.0,0.0,0.0,3.0,1.0,1.0,0.0,0.0,2.0,0.0,9.0,8.0,0.0,kotter
F3P,U06TFFEDQE7,Tinder,12,2025-05-30,2024-11-02,0.0,0.0,0.0,0.0,1.0,0.0,1.0,0.0,1.0,0.0,2.0,7.0,0.0,kotter
F3P,U06TFS9Q7UL,Ricola,23,2025-08-26,2024-10-30,0.0,1.0,1.0,3.0,0.0,3.0,0.0,0.0,2.0,0.0,6.0,7.0,0.0,kotter
F3P,U07698FG143,Ricochet,103,2025-10-21,2024-10-22,7.0,7.0,7.0,5.0,7.0,8.0,4.0,7.0,7.0,10.0,14.0,20.0,0.0,active
F3P,U07EVQTB6R0,TESLA,25,2024-12-06,2024-10-22,0.0,0.0,0.0,0.0,0.0,0.0,0.0,0.0,0.0,0.0,10.0,15.0,0.0,nonkotter
F3P,U07KLPGENJ0,Just Dance,131,2025-10-20,2024-10-21,9.0,10.0,12.0,8.0,15.0,14.0,9.0,9.0,6.0,4.0,14.0,20.0,1.0,active
F3P,U07VD3BSH8V,Double Dutch,5,2025-02-01,2024-11-14,0.0,0.0,0.0,0.0,0.0,0.0,0.0,0.0,1.0,0.0,3.0,1.0,0.0,nonkotter
F3P,U017E4NMFQV,Hanger,146,2025-10-21,2024-10-22,9.0,9.0,9.0,17.0,12.0,9.0,14.0,10.0,10.0,10.0,19.0,18.0,0.0,active
F3P,U07ENSE9S1X,Great Clips,73,2025-10-17,2024-10-22,2.0,6.0,12.0,2.0,5.0,7.0,6.0,6.0,1.0,2.0,4.0,20.0,0.0,active
F3P,U017HR8U5RS,SkidMark,185,2025-10-20,2024-10-21,16.0,13.0,19.0,16.0,17.0,18.0,15.0,11.0,16.0,13.0,14.0,16.0,1.0,active
F3P,U017HR91AJG,SoccerMom,19,2025-09-08,2024-10-24,0.0,1.0,1.0,1.0,3.0,1.0,2.0,2.0,1.0,0.0,0.0,7.0,0.0,kotter
F3P,U01E40PTNFJ,Bunker,188,2025-10-20,2024-10-21,7.0,9.0,16.0,10.0,16.0,17.0,20.0,18.0,19.0,7.0,21.0,27.0,1.0,active
F3P,U03HM57HSKG,Gisele -,39,2025-09-12,2024-10-30,0.0,1.0,0.0,0.0,13.0,4.0,2.0,1.0,3.0,4.0,6.0,5.0,0.0,kotter
F3P,U040YRLSFNW,Rooney,10,2025-09-26,2024-11-14,1.0,0.0,2.0,0.0,1.0,1.0,0.0,0.0,1.0,0.0,1.0,3.0,0.0,active
F3P,U048GCZ7GBY,Broomstick,155,2025-10-20,2024-10-21,14.0,11.0,13.0,9.0,9.0,9.0,10.0,15.0,14.0,12.0,16.0,22.0,1.0,active
F3P,U04RBT6T8RJ,Old Maid,153,2025-10-20,2024-10-21,15.0,20.0,12.0,8.0,9.0,15.0,13.0,12.0,10.0,9.0,14.0,15.0,1.0,active
F3P,U058T072X6G,GrubX (CMW),14,2025-10-03,2024-10-24,1.0,0.0,0.0,3.0,1.0,2.0,1.0,0.0,2.0,0.0,1.0,3.0,0.0,active
F3P,U06A1RN2DQF,Hank Hill,327,2025-10-21,2024-10-21,25.0,16.0,34.0,24.0,23.0,22.0,32.0,28.0,34.0,25.0,30.0,33.0,1.0,active
F3P,U06H3QB4KMY,Mahomes,145,2025-10-18,2024-10-22,13.0,13.0,20.0,10.0,22.0,13.0,11.0,3.0,5.0,9.0,10.0,16.0,0.0,active
F3P,U072HDGJSBG,Doozie,51,2025-10-21,2024-11-07,8.0,6.0,7.0,8.0,8.0,4.0,4.0,0.0,3.0,0.0,1.0,2.0,0.0,active
F3P,U078VQE2ULB,Wing Stop (F3 Naperville),9,2025-10-14,2025-01-08,1.0,1.0,1.0,0.0,1.0,2.0,0.0,1.0,0.0,2.0,0.0,0.0,0.0,active
F3P,U085PLQU2F4,Shankapotomus,5,2025-10-16,2025-09-18,4.0,1.0,0.0,0.0,0.0,0.0,0.0,0.0,0.0,0.0,0.0,0.0,0.0,active
F3P,U02H51CJS30,Pull-up,210,2025-10-15,2024-10-23,7.0,18.0,13.0,14.0,12.0,22.0,20.0,20.0,23.0,19.0,17.0,25.0,0.0,active
F3P,U01C4AULU5B,Fish Sticks (F3),8,2025-04-15,2024-11-20,0.0,0.0,0.0,0.0,0.0,0.0,2.0,0.0,0.0,0.0,4.0,2.0,0.0,nonkotter
F3P,U01ELRMAL7L,Quatro,101,2025-10-11,2024-10-30,7.0,6.0,1.0,4.0,4.0,14.0,8.0,14.0,10.0,9.0,8.0,16.0,0.0,active
F3P,U040R8S1N6P,Dilbert,207,2025-10-21,2024-10-21,18.0,18.0,20.0,10.0,18.0,19.0,20.0,15.0,16.0,12.0,19.0,21.0,1.0,active
F3P,U04U8EGCQS1,Manhole,77,2025-10-16,2024-10-22,7.0,4.0,9.0,10.0,7.0,8.0,4.0,6.0,5.0,5.0,6.0,6.0,0.0,active
F3P,U058SP7GRJ6,Hatchet (Lizard Q),92,2025-10-15,2024-10-21,6.0,7.0,14.0,7.0,9.0,11.0,7.0,6.0,4.0,5.0,9.0,6.0,1.0,active
F3P,U05QD3D6ZK7,Caboose,157,2025-10-21,2024-10-21,1.0,13.0,16.0,14.0,17.0,12.0,14.0,6.0,13.0,6.0,19.0,25.0,1.0,active
F3P,U0638CR70Q2,Tinfoil,44,2025-06-11,2024-11-02,0.0,0.0,0.0,0.0,4.0,11.0,0.0,0.0,0.0,0.0,10.0,19.0,0.0,kotter
F3P,U070SG6LRAS,Flanders,4,2025-08-02,2024-11-02,0.0,0.0,1.0,0.0,0.0,1.0,0.0,0.0,0.0,0.0,1.0,1.0,0.0,kotter
F3P,U077RQMTNG3,Celine Dion,74,2025-10-15,2024-10-23,5.0,7.0,6.0,6.0,6.0,6.0,7.0,6.0,4.0,1.0,9.0,11.0,0.0,active
F3P,U082YDGVADA,Spackle,2,2024-12-10,2024-11-28,0.0,0.0,0.0,0.0,0.0,0.0,0.0,0.0,0.0,0.0,2.0,0.0,0.0,nonkotter
F3P,U0194BS66MQ,Binford,40,2025-09-29,2024-10-22,1.0,1.0,3.0,4.0,0.0,2.0,5.0,5.0,5.0,4.0,4.0,6.0,0.0,active
F3P,U019Y7P6XPF,Foundation,122,2025-10-20,2024-10-22,15.0,11.0,13.0,12.0,13.0,12.0,9.0,13.0,12.0,1.0,3.0,8.0,0.0,active
F3P,U02A96WLKRB,Scat,33,2025-10-08,2024-10-31,2.0,1.0,0.0,5.0,2.0,5.0,2.0,2.0,7.0,1.0,1.0,5.0,0.0,active
F3P,U03DP9WRXJN,Backstreet,48,2025-10-15,2024-10-24,3.0,4.0,10.0,6.0,6.0,3.0,2.0,4.0,1.0,0.0,2.0,7.0,0.0,active
F3P,U04Q01BPTPE,Olive Oyl,29,2025-10-21,2024-10-22,2.0,2.0,7.0,7.0,2.0,3.0,0.0,0.0,0.0,0.0,2.0,4.0,0.0,active
F3P,U06GZE2D66R,Sparky,122,2025-10-18,2024-10-22,11.0,8.0,11.0,10.0,14.0,7.0,10.0,7.0,10.0,10.0,12.0,12.0,0.0,active
F3P,U08TD9DD6M6,Scuba Steve,75,2025-10-20,2025-05-16,16.0,21.0,16.0,13.0,8.0,1.0,0.0,0.0,0.0,0.0,0.0,0.0,0.0,active
F3P,U093QHS5CV6,Martha Stewart,8,2025-09-04,2025-06-26,0.0,4.0,1.0,3.0,0.0,0.0,0.0,0.0,0.0,0.0,0.0,0.0,0.0,kotter
F3P,U02F6ND56VB,Jordache,10,2025-10-17,2024-12-20,3.0,1.0,2.0,0.0,0.0,0.0,1.0,0.0,0.0,2.0,1.0,0.0,0.0,active
F3P,U06K8PKQGA1,Duck Hunt,155,2025-10-21,2025-01-09,18.0,21.0,22.0,17.0,19.0,18.0,22.0,10.0,5.0,3.0,0.0,0.0,0.0,active
F3P,U098XEDSKJN,Liberty Biberty,16,2025-10-20,2025-08-05,6.0,6.0,4.0,0.0,0.0,0.0,0.0,0.0,0.0,0.0,0.0,0.0,0.0,active
F3P,U0176U2L03X,Toby,13,2025-05-30,2024-10-25,0.0,0.0,0.0,0.0,1.0,1.0,2.0,4.0,0.0,0.0,3.0,2.0,0.0,kotter
F3P,U05JZ098926,Puddles (CMW SLT2; 3rd F Q),11,2025-08-15,2024-11-02,0.0,0.0,3.0,1.0,0.0,0.0,0.0,2.0,3.0,0.0,1.0,1.0,0.0,kotter
F3P,U05UDL3EVGR,Peashooter,68,2025-10-08,2024-10-22,3.0,4.0,6.0,4.0,5.0,5.0,3.0,3.0,5.0,2.0,8.0,20.0,0.0,active
F3P,U06B3NS9W21,Headband,3,2025-01-10,2024-11-05,0.0,0.0,0.0,0.0,0.0,0.0,0.0,0.0,0.0,1.0,1.0,1.0,0.0,nonkotter
F3P,U03EPDEKY4U,Schlitz,145,2025-10-21,2024-10-21,10.0,9.0,6.0,7.0,14.0,13.0,12.0,5.0,18.0,16.0,20.0,14.0,1.0,active
F3P,U07E4DK9JNR,DEADBOLT,8,2025-06-27,2024-10-22,0.0,0.0,0.0,1.0,3.0,0.0,0.0,0.0,0.0,0.0,0.0,4.0,0.0,kotter
F3P,U09BHRESDCL,Noodle,1,2025-08-21,2025-08-21,0.0,0.0,1.0,0.0,0.0,0.0,0.0,0.0,0.0,0.0,0.0,0.0,0.0,kotter
F3P,U087CHQLZ7B,Scratch and Dent,144,2025-10-21,2025-01-08,16.0,16.0,20.0,15.0,20.0,19.0,14.0,11.0,9.0,4.0,0.0,0.0,0.0,active
F3P,U0995LDSXNC,Party in a bottle,51,2025-10-20,2025-08-01,17.0,19.0,15.0,0.0,0.0,0.0,0.0,0.0,0.0,0.0,0.0,0.0,0.0,active
F3P,U09DMPT2RQC,No Pants,4,2025-09-18,2025-09-04,0.0,4.0,0.0,0.0,0.0,0.0,0.0,0.0,0.0,0.0,0.0,0.0,0.0,kotter
F3P,U01ANAL4DUL,Storm Chaser,39,2025-09-11,2024-11-05,0.0,2.0,5.0,6.0,3.0,2.0,1.0,1.0,3.0,2.0,10.0,4.0,0.0,kotter
F3P,U03H797905V,Millville,9,2025-08-02,2024-11-02,0.0,0.0,1.0,4.0,1.0,0.0,0.0,1.0,0.0,0.0,0.0,2.0,0.0,kotter
F3P,U04GBS9SWFL,Lobstah bisque,2,2025-06-05,2025-06-03,0.0,0.0,0.0,0.0,2.0,0.0,0.0,0.0,0.0,0.0,0.0,0.0,0.0,kotter
F3P,U05A6AHMPT5,LaRussa,11,2024-12-28,2024-11-02,0.0,0.0,0.0,0.0,0.0,0.0,0.0,0.0,0.0,1.0,4.0,6.0,0.0,nonkotter
F3P,U03U8N4P5G8,Flo,158,2025-10-20,2024-10-21,13.0,11.0,19.0,11.0,10.0,17.0,16.0,12.0,13.0,9.0,9.0,17.0,1.0,active
F3P,U04H3PWJN5A,Juanita,193,2025-10-20,2024-10-21,11.0,14.0,20.0,20.0,19.0,20.0,14.0,14.0,12.0,10.0,16.0,22.0,1.0,active
F3P,U016MKQUP29,Woody,56,2025-10-14,2024-10-22,5.0,4.0,11.0,7.0,8.0,3.0,2.0,2.0,0.0,0.0,5.0,9.0,0.0,active
F3P,U041T99TNTC,YellowPages,161,2025-10-21,2024-10-23,17.0,12.0,11.0,11.0,11.0,11.0,12.0,13.0,10.0,11.0,21.0,21.0,0.0,active
F3P,U08QA095FGW,Ground Control,2,2025-05-08,2025-05-01,0.0,0.0,0.0,0.0,0.0,2.0,0.0,0.0,0.0,0.0,0.0,0.0,0.0,kotter
F3P,U05GG5NR7KM,Pee Wee Herman,110,2025-10-20,2024-10-22,11.0,9.0,8.0,7.0,10.0,11.0,9.0,5.0,5.0,6.0,12.0,17.0,0.0,active
F3P,U08SKR83J6N,RAZR,4,2025-06-11,2025-05-15,0.0,0.0,0.0,0.0,3.0,1.0,0.0,0.0,0.0,0.0,0.0,0.0,0.0,kotter
F3P,U02C3KXC6KU,Sam Walton,1,2025-08-15,2025-08-15,0.0,0.0,1.0,0.0,0.0,0.0,0.0,0.0,0.0,0.0,0.0,0.0,0.0,kotter
F3P,U057QBF3TPW,Deja vu,22,2025-09-25,2024-11-13,1.0,1.0,2.0,4.0,0.0,2.0,0.0,1.0,1.0,0.0,7.0,3.0,0.0,active
F3P,U02BUJWCMBQ,Picasso,22,2025-09-11,2024-11-02,0.0,1.0,1.0,5.0,0.0,1.0,1.0,0.0,2.0,1.0,6.0,4.0,0.0,kotter
F3P,U05AB2HGHAN,Miley,44,2025-03-27,2024-10-22,0.0,0.0,0.0,0.0,0.0,0.0,1.0,3.0,6.0,3.0,11.0,20.0,0.0,nonkotter
F3P,U07UCTA492S,Mr Burns,4,2025-02-08,2024-11-02,0.0,0.0,0.0,0.0,0.0,0.0,0.0,0.0,1.0,0.0,1.0,2.0,0.0,nonkotter
F3P,U088TLJTDFA,Snow cone,1,2025-01-10,2025-01-10,0.0,0.0,0.0,0.0,0.0,0.0,0.0,0.0,0.0,1.0,0.0,0.0,0.0,nonkotter
F3P,U054HT59R9R,Bueller,4,2025-09-26,2025-02-08,1.0,0.0,1.0,0.0,0.0,1.0,0.0,0.0,1.0,0.0,0.0,0.0,0.0,active
F3P,U05TMKXAK96,D-Bag,1,2024-11-21,2024-11-21,0.0,0.0,0.0,0.0,0.0,0.0,0.0,0.0,0.0,0.0,0.0,1.0,0.0,nonkotter
F3P,U07Q383MKCP,Huffy,8,2024-11-29,2024-11-02,0.0,0.0,0.0,0.0,0.0,0.0,0.0,0.0,0.0,0.0,5.0,3.0,0.0,nonkotter
F3P,U0186PNUG3T,Hackman,158,2025-10-20,2024-10-21,12.0,12.0,21.0,14.0,15.0,15.0,15.0,14.0,9.0,10.0,10.0,10.0,1.0,active
F3P,U04PHN1MH8D,Ball boy,4,2025-10-20,2025-05-21,3.0,0.0,0.0,0.0,0.0,1.0,0.0,0.0,0.0,0.0,0.0,0.0,0.0,active
F3P,U075Y87RK8W,Ollie,4,2025-10-20,2025-05-21,3.0,0.0,0.0,0.0,0.0,1.0,0.0,0.0,0.0,0.0,0.0,0.0,0.0,active
F3P,U08QBC4F5C3,Fish Tape,71,2025-10-20,2025-04-29,13.0,8.0,15.0,10.0,16.0,9.0,0.0,0.0,0.0,0.0,0.0,0.0,0.0,active
F3P,U09D5VDKC85,Otto Man,15,2025-10-17,2025-09-02,11.0,4.0,0.0,0.0,0.0,0.0,0.0,0.0,0.0,0.0,0.0,0.0,0.0,active
F3P,U070Z12249H,Xena- Warrior Princess,102,2025-10-21,2024-10-22,9.0,6.0,12.0,7.0,11.0,8.0,7.0,7.0,9.0,7.0,6.0,13.0,0.0,active
F3P,U07DTG7DY07,Dr. Feelgood,43,2025-08-22,2025-03-28,0.0,1.0,0.0,6.0,21.0,8.0,7.0,0.0,0.0,0.0,0.0,0.0,0.0,kotter
F3P,U08TBP91GBZ,Go Daddy,13,2025-09-06,2025-05-23,0.0,2.0,3.0,3.0,5.0,0.0,0.0,0.0,0.0,0.0,0.0,0.0,0.0,kotter
F3P,U047GFQH4HL,Bronco,32,2025-10-20,2024-10-22,4.0,1.0,3.0,5.0,4.0,4.0,3.0,2.0,2.0,1.0,1.0,2.0,0.0,active
F3P,U053LEBRMM4,Derailed,83,2025-10-20,2024-10-21,11.0,9.0,3.0,6.0,4.0,9.0,7.0,8.0,3.0,4.0,3.0,15.0,1.0,active
F3P,U086HPX5QP8,Barney Fife,3,2025-01-08,2024-12-28,0.0,0.0,0.0,0.0,0.0,0.0,0.0,0.0,0.0,3.0,0.0,0.0,0.0,nonkotter
F3P,U018377K57S,Spirit,16,2025-09-23,2024-11-09,1.0,1.0,5.0,4.0,0.0,0.0,0.0,2.0,0.0,0.0,0.0,3.0,0.0,active
F3P,U01AWRVCR0X,Cyclone,1,2025-04-24,2025-04-24,0.0,0.0,0.0,0.0,0.0,1.0,0.0,0.0,0.0,0.0,0.0,0.0,0.0,kotter
F3P,U05JJL0JE77,Duff Man,7,2024-12-11,2024-10-23,0.0,0.0,0.0,0.0,0.0,0.0,0.0,0.0,0.0,0.0,1.0,6.0,0.0,nonkotter
F3P,U065CRU0K0E,HVAC,2,2024-11-06,2024-10-30,0.0,0.0,0.0,0.0,0.0,0.0,0.0,0.0,0.0,0.0,0.0,2.0,0.0,nonkotter
F3P,U06GZ8ECZC5,Boomer,227,2025-10-18,2024-10-22,17.0,15.0,20.0,21.0,18.0,21.0,19.0,16.0,20.0,17.0,24.0,19.0,0.0,active
F3P,U074T16JBDX,Deliverance,96,2025-10-17,2024-10-21,5.0,7.0,7.0,6.0,6.0,8.0,8.0,6.0,3.0,6.0,10.0,23.0,1.0,active
F3P,U07GJC6UG1Z,Celler Dweller,142,2025-10-18,2024-10-21,9.0,16.0,17.0,6.0,18.0,11.0,17.0,16.0,6.0,1.0,8.0,16.0,1.0,active
F3P,U017X9WAQ9Y,BoilerUp,31,2025-10-20,2024-12-04,5.0,3.0,4.0,6.0,3.0,1.0,0.0,0.0,1.0,5.0,3.0,0.0,0.0,active
F3P,U01C516QSQZ,Wreck-It Ralph,6,2024-11-28,2024-11-02,0.0,0.0,0.0,0.0,0.0,0.0,0.0,0.0,0.0,0.0,2.0,4.0,0.0,nonkotter
F3P,U04N3DANAEA,REBAR,50,2025-08-02,2024-10-21,0.0,0.0,1.0,0.0,0.0,1.0,3.0,5.0,8.0,8.0,3.0,20.0,1.0,kotter
F3P,U07T5DL3VHA,Drive By,35,2025-10-07,2024-10-22,3.0,5.0,1.0,4.0,5.0,5.0,1.0,2.0,2.0,0.0,5.0,2.0,0.0,active
F3P,U073D5MRD4Z,Hat Trick,147,2025-10-14,2024-10-21,13.0,13.0,23.0,8.0,10.0,10.0,9.0,12.0,10.0,10.0,12.0,16.0,1.0,active
F3P,U095K6T98P9,Intern,17,2025-10-14,2025-07-15,5.0,1.0,5.0,6.0,0.0,0.0,0.0,0.0,0.0,0.0,0.0,0.0,0.0,active
F3P,U03TYSW2933,The Worm,72,2025-10-21,2024-10-23,9.0,5.0,6.0,7.0,4.0,6.0,2.0,6.0,9.0,7.0,6.0,5.0,0.0,active
F3P,U019S79N1AP,Unibrow,1,2025-05-12,2025-05-12,0.0,0.0,0.0,0.0,0.0,1.0,0.0,0.0,0.0,0.0,0.0,0.0,0.0,kotter
F3P,U0178E2951T,Blowfish,1,2025-07-17,2025-07-17,0.0,0.0,0.0,1.0,0.0,0.0,0.0,0.0,0.0,0.0,0.0,0.0,0.0,kotter
F3P,U017B8D6AHH,Second Best,3,2025-06-18,2025-06-02,0.0,0.0,0.0,0.0,3.0,0.0,0.0,0.0,0.0,0.0,0.0,0.0,0.0,kotter
F3P,U017DA73JQY,TPS Report,38,2025-08-23,2024-10-22,0.0,1.0,2.0,5.0,4.0,0.0,0.0,0.0,0.0,5.0,10.0,11.0,0.0,kotter
F3P,U03KV19V5JS,Cowbell,95,2025-10-21,2024-10-26,2.0,10.0,11.0,8.0,10.0,10.0,9.0,4.0,2.0,7.0,11.0,11.0,0.0,active
F3P,U05993CSLRY,"Geek Squad (Hilton Head, SC)",4,2025-03-28,2025-03-24,0.0,0.0,0.0,0.0,0.0,0.0,4.0,0.0,0.0,0.0,0.0,0.0,0.0,nonkotter
F3P,U075J9NN91N,Pop-Tart,28,2025-09-11,2024-11-06,0.0,2.0,8.0,2.0,5.0,8.0,0.0,0.0,0.0,2.0,0.0,1.0,0.0,kotter
F3P,U0950RW8JHX,Eliot Ness,6,2025-07-17,2025-07-08,0.0,0.0,0.0,6.0,0.0,0.0,0.0,0.0,0.0,0.0,0.0,0.0,0.0,kotter
F3P,U095MNVG2R5,Kidney Beans,29,2025-10-20,2025-07-16,9.0,9.0,7.0,4.0,0.0,0.0,0.0,0.0,0.0,0.0,0.0,0.0,0.0,active
F3P,U07GDNBSZ0Q,Speedbag (F3 Southsid3),8,2025-09-27,2024-11-08,2.0,0.0,1.0,1.0,1.0,0.0,0.0,0.0,2.0,0.0,0.0,1.0,0.0,active
F3P,U01Q04FM95G,Hot Boxx,18,2025-10-04,2024-11-02,1.0,0.0,1.0,1.0,0.0,1.0,2.0,6.0,0.0,0.0,1.0,5.0,0.0,active
F3P,U05GFSH6BC2,Ink Jet,40,2025-09-26,2024-10-21,1.0,2.0,5.0,5.0,3.0,2.0,1.0,1.0,1.0,2.0,8.0,8.0,1.0,active
F3P,U089QSWGZ7Z,Wet Bandit,18,2025-10-17,2025-01-30,4.0,0.0,10.0,1.0,0.0,0.0,0.0,2.0,1.0,0.0,0.0,0.0,0.0,active
F3P,U08PQEJMU5D,Tackleberry,3,2025-08-08,2025-04-29,0.0,0.0,1.0,0.0,0.0,2.0,0.0,0.0,0.0,0.0,0.0,0.0,0.0,kotter
F3P,U01A81A7BPS,1040EZ,14,2025-09-29,2024-11-23,1.0,1.0,0.0,1.0,1.0,5.0,0.0,0.0,0.0,0.0,5.0,0.0,0.0,active
F3P,U02AEK4889M,Doc Brown,2,2024-11-15,2024-11-07,0.0,0.0,0.0,0.0,0.0,0.0,0.0,0.0,0.0,0.0,0.0,2.0,0.0,nonkotter
F3P,U03T43SBJNA,Homer Simpson,49,2025-10-03,2024-11-02,3.0,6.0,5.0,5.0,6.0,2.0,2.0,4.0,5.0,1.0,6.0,4.0,0.0,active
F3P,U04QDH8EFGB,Candy Man,7,2025-10-20,2025-10-06,7.0,0.0,0.0,0.0,0.0,0.0,0.0,0.0,0.0,0.0,0.0,0.0,0.0,active
F3P,U05NN0QFRFW,UberEats,17,2025-03-11,2024-10-22,0.0,0.0,0.0,0.0,0.0,0.0,0.0,1.0,2.0,1.0,7.0,6.0,0.0,nonkotter
F3P,U090MM9L0F4,Temu,9,2025-08-19,2025-06-21,0.0,0.0,6.0,2.0,1.0,0.0,0.0,0.0,0.0,0.0,0.0,0.0,0.0,kotter
F3P,U092LRKGN2E,Pearl,38,2025-10-15,2025-06-30,8.0,9.0,15.0,6.0,0.0,0.0,0.0,0.0,0.0,0.0,0.0,0.0,0.0,active
F3P,U09BKTKC15Y,Pretzel,21,2025-10-20,2025-08-22,12.0,9.0,0.0,0.0,0.0,0.0,0.0,0.0,0.0,0.0,0.0,0.0,0.0,active
F3P,U07H6LVJHKK,Frontier,24,2025-10-16,2024-11-05,2.0,0.0,0.0,0.0,0.0,2.0,5.0,4.0,2.0,0.0,5.0,4.0,0.0,active
F3P,U0197M49PJ8,Squirts,5,2025-06-14,2025-05-24,0.0,0.0,0.0,0.0,5.0,0.0,0.0,0.0,0.0,0.0,0.0,0.0,0.0,kotter
F3P,U01KXPKDF97,Heifer,7,2024-12-03,2024-11-20,0.0,0.0,0.0,0.0,0.0,0.0,0.0,0.0,0.0,0.0,5.0,2.0,0.0,nonkotter
F3P,U05QJRZNQHH,Corner Kick,145,2025-10-20,2024-10-21,12.0,11.0,16.0,9.0,9.0,13.0,13.0,13.0,10.0,11.0,12.0,15.0,1.0,active
F3P,U017D24BRC5,Zima (F3 Nomad),5,2025-08-13,2024-11-02,0.0,0.0,2.0,0.0,0.0,1.0,0.0,0.0,1.0,0.0,0.0,1.0,0.0,kotter
F3P,U017G126ESY,Elway F3 Naperville,12,2025-08-22,2025-02-08,0.0,1.0,2.0,1.0,0.0,4.0,1.0,2.0,1.0,0.0,0.0,0.0,0.0,kotter
F3P,U017LMBBP1S,Fargo (Naperville),12,2025-09-25,2025-01-08,1.0,1.0,0.0,1.0,0.0,2.0,1.0,1.0,3.0,2.0,0.0,0.0,0.0,active
F3P,U02ADFBHJP8,Bobby Boucher,2,2025-02-08,2024-11-02,0.0,0.0,0.0,0.0,0.0,0.0,0.0,0.0,1.0,0.0,0.0,1.0,0.0,nonkotter
F3P,U03MKDH1TU6,Rx (F3-Naperville),2,2025-05-10,2025-02-08,0.0,0.0,0.0,0.0,0.0,1.0,0.0,0.0,1.0,0.0,0.0,0.0,0.0,kotter
F3P,U03T1RAT3UP,Boo Boo,2,2025-10-18,2025-05-10,1.0,0.0,0.0,0.0,0.0,1.0,0.0,0.0,0.0,0.0,0.0,0.0,0.0,active
F3P,U041MRSFHTN,Horseshoe,4,2025-07-10,2024-10-22,0.0,0.0,0.0,2.0,1.0,0.0,0.0,0.0,0.0,0.0,0.0,1.0,0.0,kotter
F3P,U041R4GK79V,fuzzy navel,56,2025-10-21,2024-10-26,5.0,5.0,6.0,6.0,8.0,3.0,4.0,4.0,5.0,2.0,3.0,5.0,0.0,active
F3P,U041T9ACB3L,UPS,43,2025-10-21,2024-10-26,7.0,3.0,3.0,2.0,2.0,4.0,1.0,1.0,2.0,1.0,4.0,13.0,0.0,active
F3P,U04AGF7MFK2,vespa,1,2025-05-10,2025-05-10,0.0,0.0,0.0,0.0,0.0,1.0,0.0,0.0,0.0,0.0,0.0,0.0,0.0,kotter
F3P,U05CT4M9CEN,El Guapo,6,2025-08-02,2024-10-30,0.0,0.0,1.0,0.0,1.0,1.0,0.0,0.0,2.0,0.0,0.0,1.0,0.0,kotter
F3P,U05FZ4QEFG9,Tweety,51,2025-10-20,2024-10-21,4.0,3.0,9.0,5.0,1.0,6.0,2.0,8.0,5.0,3.0,0.0,4.0,1.0,active
F3P,U05UQACH41K,Cochran,1,2025-02-08,2025-02-08,0.0,0.0,0.0,0.0,0.0,0.0,0.0,0.0,1.0,0.0,0.0,0.0,0.0,nonkotter
F3P,U06GX3VRNKU,BORG,9,2025-09-01,2025-01-28,0.0,2.0,0.0,0.0,0.0,1.0,0.0,0.0,6.0,0.0,0.0,0.0,0.0,kotter
F3P,U0708HXD58V,Supply Chain (F3N),11,2025-05-15,2024-11-02,0.0,0.0,0.0,0.0,0.0,2.0,0.0,0.0,2.0,0.0,3.0,4.0,0.0,kotter
F3P,U070JGE1EDD,Scrumbum,1,2025-05-10,2025-05-10,0.0,0.0,0.0,0.0,0.0,1.0,0.0,0.0,0.0,0.0,0.0,0.0,0.0,kotter
F3P,U075CELEZJT,Miata,2,2025-05-10,2024-11-02,0.0,0.0,0.0,0.0,0.0,1.0,0.0,0.0,0.0,0.0,0.0,1.0,0.0,kotter
F3P,U07BUCET1R9,Dr. Loco,12,2025-05-31,2024-10-23,0.0,0.0,0.0,0.0,3.0,4.0,0.0,0.0,0.0,0.0,0.0,5.0,0.0,kotter
F3P,U07UKT9J213,Large Marge,35,2025-10-18,2024-11-09,4.0,2.0,3.0,1.0,1.0,2.0,5.0,2.0,4.0,3.0,5.0,3.0,0.0,active
F3P,U0809THN62H,Snap Crakel Pop,1,2025-02-08,2025-02-08,0.0,0.0,0.0,0.0,0.0,0.0,0.0,0.0,1.0,0.0,0.0,0.0,0.0,nonkotter
F3P,U081JKWAR33,Sailer Moon,39,2025-10-18,2024-11-16,3.0,4.0,2.0,3.0,5.0,7.0,4.0,2.0,4.0,2.0,2.0,1.0,0.0,active
F3P,U08BZQQGV9V,Gilligan,1,2025-02-08,2025-02-08,0.0,0.0,0.0,0.0,0.0,0.0,0.0,0.0,1.0,0.0,0.0,0.0,0.0,nonkotter
F3P,U08PAQ625N1,Cummins (F3 CHAMINWOOD),2,2025-06-17,2025-05-10,0.0,0.0,0.0,0.0,1.0,1.0,0.0,0.0,0.0,0.0,0.0,0.0,0.0,kotter
F3P,U08QQRJCDAN,NOMAD,5,2025-05-30,2025-05-03,0.0,0.0,0.0,0.0,1.0,4.0,0.0,0.0,0.0,0.0,0.0,0.0,0.0,kotter
F3P,U08RHRMD43C,Frogger,12,2025-07-08,2025-05-07,0.0,0.0,0.0,1.0,7.0,4.0,0.0,0.0,0.0,0.0,0.0,0.0,0.0,kotter
F3P,U08RSQBN3GT,Vespa,1,2025-05-10,2025-05-10,0.0,0.0,0.0,0.0,0.0,1.0,0.0,0.0,0.0,0.0,0.0,0.0,0.0,kotter
F3P,U033NGNJRAS,Shirley Temple,20,2025-09-11,2024-11-02,0.0,1.0,0.0,1.0,0.0,0.0,0.0,0.0,0.0,0.0,9.0,9.0,0.0,kotter
F3P,U050YTG6YJC,Latte,8,2025-08-12,2024-10-30,0.0,0.0,1.0,1.0,0.0,1.0,1.0,0.0,0.0,0.0,0.0,4.0,0.0,kotter
F3P,U0841EC1PA9,Maersk,1,2024-12-07,2024-12-07,0.0,0.0,0.0,0.0,0.0,0.0,0.0,0.0,0.0,0.0,1.0,0.0,0.0,nonkotter
F3P,U017BMVBTGA,Bone Spur,1,2025-07-14,2025-07-14,0.0,0.0,0.0,1.0,0.0,0.0,0.0,0.0,0.0,0.0,0.0,0.0,0.0,kotter
F3P,U06CKPPM83S,Squirt,3,2025-05-22,2024-12-27,0.0,0.0,0.0,0.0,1.0,1.0,0.0,0.0,0.0,1.0,0.0,0.0,0.0,kotter
F3P,U06TA58T8NR,Booger,14,2025-03-11,2024-11-08,0.0,0.0,0.0,0.0,0.0,0.0,0.0,1.0,3.0,0.0,5.0,5.0,0.0,nonkotter
F3P,U08R2U2F3UN,Janet Jackson,5,2025-06-04,2025-05-07,0.0,0.0,0.0,0.0,2.0,3.0,0.0,0.0,0.0,0.0,0.0,0.0,0.0,kotter
F3P,U035VPDD30C,Thin Mint,3,2025-05-30,2024-11-16,0.0,0.0,0.0,0.0,2.0,0.0,0.0,0.0,0.0,0.0,0.0,1.0,0.0,kotter
F3P,U0654SUAQRL,Huggies,3,2024-11-09,2024-11-05,0.0,0.0,0.0,0.0,0.0,0.0,0.0,0.0,0.0,0.0,0.0,3.0,0.0,nonkotter
F3P,U07TPCBKEEA,Daisy Dukes,2,2024-11-18,2024-11-04,0.0,0.0,0.0,0.0,0.0,0.0,0.0,0.0,0.0,0.0,0.0,2.0,0.0,nonkotter
F3P,U07UZKMJ341,Spandex,1,2024-11-09,2024-11-09,0.0,0.0,0.0,0.0,0.0,0.0,0.0,0.0,0.0,0.0,0.0,1.0,0.0,nonkotter
F3P,U08DV7XET0R,Lucky,6,2025-03-01,2025-02-15,0.0,0.0,0.0,0.0,0.0,0.0,0.0,3.0,3.0,0.0,0.0,0.0,0.0,nonkotter
F3P,U05C08EPC3S,Stay Puft (F3 Naperville),3,2025-07-10,2025-06-03,0.0,0.0,0.0,1.0,2.0,0.0,0.0,0.0,0.0,0.0,0.0,0.0,0.0,kotter
F3P,U07EJ6173S6,Ginga,28,2025-10-14,2025-04-04,3.0,8.0,3.0,1.0,6.0,4.0,3.0,0.0,0.0,0.0,0.0,0.0,0.0,active
F3P,U07K1BV0UUX,Pink Panther,7,2025-10-03,2025-06-05,1.0,0.0,0.0,3.0,3.0,0.0,0.0,0.0,0.0,0.0,0.0,0.0,0.0,active
F3P,U091UQXBKJP,Sapsucker (F3 Naperville),9,2025-08-23,2025-06-18,0.0,1.0,5.0,2.0,1.0,0.0,0.0,0.0,0.0,0.0,0.0,0.0,0.0,kotter
F3P,U020A3PMS14,Ringo,40,2025-10-21,2024-10-30,7.0,0.0,3.0,3.0,5.0,0.0,3.0,3.0,1.0,1.0,6.0,8.0,0.0,active
F3P,U05B1QGF9L0,Laimbeer (Naperville),3,2025-09-11,2024-11-02,0.0,1.0,0.0,0.0,0.0,0.0,0.0,0.0,0.0,0.0,0.0,2.0,0.0,kotter
F3P,U080GEYLY4W,Home Alone,1,2024-11-13,2024-11-13,0.0,0.0,0.0,0.0,0.0,0.0,0.0,0.0,0.0,0.0,0.0,1.0,0.0,nonkotter
F3P,U02NBKHN3NK,Dungeon Master,20,2025-08-22,2025-05-26,0.0,1.0,9.0,6.0,4.0,0.0,0.0,0.0,0.0,0.0,0.0,0.0,0.0,kotter
F3P,U091A4AAZPC,Popeye,4,2025-07-12,2025-06-10,0.0,0.0,0.0,1.0,3.0,0.0,0.0,0.0,0.0,0.0,0.0,0.0,0.0,kotter
F3P,U0929V6HD5H,Kickflip,9,2025-08-27,2025-06-24,0.0,1.0,4.0,4.0,0.0,0.0,0.0,0.0,0.0,0.0,0.0,0.0,0.0,kotter
F3P,U092Y4J9S21,needle,3,2025-07-03,2025-06-25,0.0,0.0,0.0,3.0,0.0,0.0,0.0,0.0,0.0,0.0,0.0,0.0,0.0,kotter
F3P,U01RSG6FSNA,Slinky,4,2025-08-04,2025-07-07,0.0,0.0,2.0,2.0,0.0,0.0,0.0,0.0,0.0,0.0,0.0,0.0,0.0,kotter
F3P,U094XL0JTK3,Lot lizard,8,2025-10-03,2025-08-02,1.0,4.0,3.0,0.0,0.0,0.0,0.0,0.0,0.0,0.0,0.0,0.0,0.0,active
F3P,U06LHSCT28K,2 Hand Touch (F3 Naperville Nant’an),6,2025-09-11,2025-06-05,0.0,3.0,1.0,1.0,1.0,0.0,0.0,0.0,0.0,0.0,0.0,0.0,0.0,kotter
F3P,U06M707AQBA,Bulldog (F3 Naperville),4,2025-08-20,2025-01-08,0.0,0.0,1.0,1.0,0.0,1.0,0.0,0.0,0.0,1.0,0.0,0.0,0.0,kotter
F3P,U07CHFY2XTM,Dead Air (Naperville),4,2025-08-20,2025-02-05,0.0,0.0,1.0,0.0,0.0,2.0,0.0,0.0,1.0,0.0,0.0,0.0,0.0,kotter
F3P,U08TZFDG1PE,Eveready,1,2025-08-20,2025-08-20,0.0,0.0,1.0,0.0,0.0,0.0,0.0,0.0,0.0,0.0,0.0,0.0,0.0,kotter
F3P,U033V6QFP6W,AlexMorgan,4,2024-12-02,2024-11-25,0.0,0.0,0.0,0.0,0.0,0.0,0.0,0.0,0.0,0.0,4.0,0.0,0.0,nonkotter
F3P,U06J1AAJ3HD,Doogie Howser,2,2024-12-02,2024-11-02,0.0,0.0,0.0,0.0,0.0,0.0,0.0,0.0,0.0,0.0,1.0,1.0,0.0,nonkotter
F3P,U07BTHWFLGZ,Bill Nye,19,2025-10-01,2024-10-28,1.0,0.0,1.0,2.0,4.0,5.0,0.0,0.0,0.0,0.0,0.0,6.0,0.0,active
F3P,U09CLLZMLGP,Stitches,2,2025-09-03,2025-09-02,0.0,2.0,0.0,0.0,0.0,0.0,0.0,0.0,0.0,0.0,0.0,0.0,0.0,kotter
F3P,U02UVGKDJA2,O'Douls,6,2025-10-16,2024-11-02,1.0,2.0,0.0,0.0,1.0,1.0,0.0,0.0,0.0,0.0,0.0,1.0,0.0,active
F3P,U06UANF6FBR,Rusty Anchor,1,2024-10-31,2024-10-31,0.0,0.0,0.0,0.0,0.0,0.0,0.0,0.0,0.0,0.0,0.0,1.0,0.0,nonkotter
F3P,U07CY9BC4UV,Hydrant,26,2025-10-02,2024-10-29,2.0,3.0,2.0,6.0,3.0,4.0,0.0,0.0,1.0,0.0,0.0,5.0,0.0,active
F3P,U09A401R820,Backpack Cooler,5,2025-08-29,2025-08-14,0.0,3.0,2.0,0.0,0.0,0.0,0.0,0.0,0.0,0.0,0.0,0.0,0.0,kotter
F3P,U05V7JV7C2X,Fortran,2,2025-01-25,2025-01-18,0.0,0.0,0.0,0.0,0.0,0.0,0.0,0.0,1.0,1.0,0.0,0.0,0.0,nonkotter
F3P,U05V7JWTY67,Schrute,3,2025-10-05,2024-12-14,1.0,0.0,0.0,0.0,0.0,0.0,0.0,0.0,0.0,1.0,1.0,0.0,0.0,active
F3P,U04GTJ7HV96,Animal House (F3 Outlands- regular Pax),1,2025-03-24,2025-03-24,0.0,0.0,0.0,0.0,0.0,0.0,1.0,0.0,0.0,0.0,0.0,0.0,0.0,nonkotter
F3P,U058C88BUDD,T-Dubs (Outlands),5,2025-08-02,2025-03-20,0.0,0.0,1.0,0.0,2.0,0.0,1.0,1.0,0.0,0.0,0.0,0.0,0.0,kotter
F3P,U06CJBNGDPC,Unleashed (Outlands) Greg Moss,1,2025-03-24,2025-03-24,0.0,0.0,0.0,0.0,0.0,0.0,1.0,0.0,0.0,0.0,0.0,0.0,0.0,nonkotter
F3P,U06JY97GN9M,Tron (F3 Outlands - 1st F Q),3,2025-08-02,2024-10-21,0.0,0.0,1.0,0.0,0.0,0.0,1.0,0.0,0.0,0.0,0.0,0.0,1.0,kotter
F3P,U016V36QBHV,Parks and Rec (F3 Naperville),1,2024-12-26,2024-12-26,0.0,0.0,0.0,0.0,0.0,0.0,0.0,0.0,0.0,1.0,0.0,0.0,0.0,nonkotter
F3P,U017BQTBXQB,Skinner,14,2025-05-16,2024-11-05,0.0,0.0,0.0,0.0,0.0,6.0,1.0,0.0,4.0,0.0,0.0,3.0,0.0,kotter
F3P,U06002TTAL9,Cheese Curd,2,2025-09-06,2025-08-30,0.0,2.0,0.0,0.0,0.0,0.0,0.0,0.0,0.0,0.0,0.0,0.0,0.0,kotter
F3P,U019QRLHE3H,Free Smells,4,2024-12-28,2024-10-26,0.0,0.0,0.0,0.0,0.0,0.0,0.0,0.0,0.0,1.0,0.0,3.0,0.0,nonkotter
F3P,U02AA561KC3,Burnt Ends,1,2024-11-09,2024-11-09,0.0,0.0,0.0,0.0,0.0,0.0,0.0,0.0,0.0,0.0,0.0,1.0,0.0,nonkotter
F3P,U03TX180CCU,Go fish,5,2025-02-01,2024-11-09,0.0,0.0,0.0,0.0,0.0,0.0,0.0,0.0,1.0,2.0,1.0,1.0,0.0,nonkotter
F3P,U07HK471615,Purple Rain,5,2025-08-20,2024-11-01,0.0,0.0,1.0,0.0,0.0,0.0,0.0,0.0,0.0,0.0,0.0,4.0,0.0,kotter
F3P,U07T8M3GC1L,007,3,2024-12-28,2024-11-02,0.0,0.0,0.0,0.0,0.0,0.0,0.0,0.0,0.0,1.0,0.0,2.0,0.0,nonkotter
F3P,U017G15HA92,DJ Sump Pump,3,2025-10-16,2025-02-05,1.0,0.0,0.0,0.0,0.0,0.0,0.0,0.0,2.0,0.0,0.0,0.0,0.0,active
F3P,U01EPB5EKNK,NeilDiamond,2,2025-07-07,2025-06-24,0.0,0.0,0.0,2.0,0.0,0.0,0.0,0.0,0.0,0.0,0.0,0.0,0.0,kotter
F3P,U02A96XC2Q5,Toboggan,6,2025-03-12,2024-10-22,0.0,0.0,0.0,0.0,0.0,0.0,0.0,2.0,0.0,0.0,0.0,4.0,0.0,nonkotter
F3P,U03KKAHVC8J,Shawshank,1,2025-06-17,2025-06-17,0.0,0.0,0.0,0.0,1.0,0.0,0.0,0.0,0.0,0.0,0.0,0.0,0.0,kotter
F3P,U075HCVHAG1,Wilson,2,2025-10-17,2025-04-05,1.0,0.0,0.0,0.0,0.0,0.0,1.0,0.0,0.0,0.0,0.0,0.0,0.0,active
F3P,U08BPTVAFPB,ICY HOT,2,2025-03-08,2025-03-01,0.0,0.0,0.0,0.0,0.0,0.0,0.0,2.0,0.0,0.0,0.0,0.0,0.0,nonkotter
F3P,U017G12529J,Carmen San Diego (F3 Naperville),2,2025-07-12,2024-11-02,0.0,0.0,0.0,1.0,0.0,0.0,0.0,0.0,0.0,0.0,0.0,1.0,0.0,kotter
F3P,U03HAJB5A9G,CarpetMulcher,5,2025-08-02,2024-11-02,0.0,0.0,1.0,0.0,0.0,0.0,0.0,0.0,0.0,0.0,1.0,3.0,0.0,kotter
F3P,U03TYQYKERF,Fire Hose,10,2025-05-24,2024-11-02,0.0,0.0,0.0,0.0,1.0,1.0,0.0,0.0,2.0,1.0,1.0,4.0,0.0,kotter
F3P,U045ZBFGAH3,BoneSpur,1,2025-08-25,2025-08-25,0.0,1.0,0.0,0.0,0.0,0.0,0.0,0.0,0.0,0.0,0.0,0.0,0.0,kotter
F3P,U04Q1H1MQKF,Farmers Only,1,2024-11-02,2024-11-02,0.0,0.0,0.0,0.0,0.0,0.0,0.0,0.0,0.0,0.0,0.0,1.0,0.0,nonkotter
F3P,U063PMGKQLB,coin purse,1,2024-11-02,2024-11-02,0.0,0.0,0.0,0.0,0.0,0.0,0.0,0.0,0.0,0.0,0.0,1.0,0.0,nonkotter
F3P,U06HSP24X8X,Bambino,16,2025-06-17,2024-10-26,0.0,0.0,0.0,0.0,3.0,2.0,2.0,1.0,0.0,0.0,2.0,6.0,0.0,kotter
F3P,U06J46ZTPEZ,Folgers,38,2025-10-18,2024-10-26,4.0,4.0,3.0,4.0,3.0,4.0,3.0,2.0,1.0,3.0,3.0,4.0,0.0,active
F3P,U073M2KRN4C,Right Said Fred (F3 Naperville),13,2025-07-01,2024-11-02,0.0,0.0,0.0,3.0,1.0,4.0,4.0,0.0,0.0,0.0,0.0,1.0,0.0,kotter
F3P,U07G74Y71QW,Mr Beaker,18,2025-05-13,2024-10-26,0.0,0.0,0.0,0.0,0.0,2.0,1.0,1.0,1.0,3.0,3.0,7.0,0.0,kotter
F3P,U07U7V9RNUF,Dirty Underwear,1,2024-11-02,2024-11-02,0.0,0.0,0.0,0.0,0.0,0.0,0.0,0.0,0.0,0.0,0.0,1.0,0.0,nonkotter
F3P,U07UH35HBQQ,Door Ding,1,2024-11-02,2024-11-02,0.0,0.0,0.0,0.0,0.0,0.0,0.0,0.0,0.0,0.0,0.0,1.0,0.0,nonkotter
F3P,U07UNG0MB26,Birthday Suit,1,2024-11-02,2024-11-02,0.0,0.0,0.0,0.0,0.0,0.0,0.0,0.0,0.0,0.0,0.0,1.0,0.0,nonkotter
F3P,U07UZEQFP9P,Milton Bradley,1,2024-11-02,2024-11-02,0.0,0.0,0.0,0.0,0.0,0.0,0.0,0.0,0.0,0.0,0.0,1.0,0.0,nonkotter
F3P,U09BQJTUNDQ,O O O O'Reilly,2,2025-09-06,2025-08-23,0.0,2.0,0.0,0.0,0.0,0.0,0.0,0.0,0.0,0.0,0.0,0.0,0.0,kotter
F3P,U016W30QL1G,Joe Dirt,2,2025-07-15,2025-07-10,0.0,0.0,0.0,2.0,0.0,0.0,0.0,0.0,0.0,0.0,0.0,0.0,0.0,kotter
F3P,U01B8FL6TFX,Senor Frog,1,2025-09-23,2025-09-23,1.0,0.0,0.0,0.0,0.0,0.0,0.0,0.0,0.0,0.0,0.0,0.0,0.0,active
F3P,U02ULN88CJK,Goose,1,2025-05-26,2025-05-26,0.0,0.0,0.0,0.0,1.0,0.0,0.0,0.0,0.0,0.0,0.0,0.0,0.0,kotter
F3P,U08TMNF02EB,OTG aka Oscar the Grouch,1,2025-05-26,2025-05-26,0.0,0.0,0.0,0.0,1.0,0.0,0.0,0.0,0.0,0.0,0.0,0.0,0.0,kotter
F3P,U017HR8TZPW,Urkel,3,2025-07-15,2025-03-27,0.0,0.0,0.0,1.0,1.0,0.0,1.0,0.0,0.0,0.0,0.0,0.0,0.0,kotter
F3P,U054JFWN01Z,Silo,9,2025-07-12,2025-01-01,0.0,0.0,0.0,1.0,0.0,0.0,0.0,1.0,4.0,3.0,0.0,0.0,0.0,kotter
F3P,U082Q8SCDFB,Brad Hooper (Detention),2,2024-11-27,2024-11-25,0.0,0.0,0.0,0.0,0.0,0.0,0.0,0.0,0.0,0.0,2.0,0.0,0.0,nonkotter
F3P,U08LV1V58P8,Mr Wonderful,2,2025-04-11,2025-04-07,0.0,0.0,0.0,0.0,0.0,0.0,2.0,0.0,0.0,0.0,0.0,0.0,0.0,nonkotter
F3P,U02KLQ941HU,Blinky,2,2025-06-21,2024-10-22,0.0,0.0,0.0,0.0,1.0,0.0,0.0,0.0,0.0,0.0,0.0,1.0,0.0,kotter
F3P,U08S4A2PB7Y,Misdemeanor,1,2025-05-14,2025-05-14,0.0,0.0,0.0,0.0,0.0,1.0,0.0,0.0,0.0,0.0,0.0,0.0,0.0,kotter
F3P,U08A14E4P44,Donatello (F3 Naperville),3,2025-07-01,2025-05-13,0.0,0.0,0.0,1.0,0.0,2.0,0.0,0.0,0.0,0.0,0.0,0.0,0.0,kotter
F3P,U08SN6DGDME,Boolean (F3 Naperville),4,2025-10-03,2025-05-13,1.0,0.0,0.0,1.0,0.0,2.0,0.0,0.0,0.0,0.0,0.0,0.0,0.0,active
F3P,U03PZPKF9NX,Uncle Rico (Naperville),3,2025-09-11,2025-05-15,0.0,2.0,0.0,0.0,0.0,1.0,0.0,0.0,0.0,0.0,0.0,0.0,0.0,kotter
F3P,U07DZN6K0TZ,Tinactin (F3 Naperville),1,2025-09-11,2025-09-11,0.0,1.0,0.0,0.0,0.0,0.0,0.0,0.0,0.0,0.0,0.0,0.0,0.0,kotter
F3P,U0871EV86SG,Gold Bond,3,2025-09-11,2025-01-01,0.0,1.0,0.0,0.0,0.0,0.0,0.0,0.0,1.0,1.0,0.0,0.0,0.0,kotter
F3P,U08EEQUUKSN,Elsa,4,2025-10-20,2025-04-30,2.0,1.0,0.0,0.0,0.0,1.0,0.0,0.0,0.0,0.0,0.0,0.0,0.0,active
F3P,U05C07FDB2L,Horse-n-Buggy,8,2025-05-15,2024-11-19,0.0,0.0,0.0,0.0,0.0,1.0,1.0,2.0,2.0,1.0,0.0,1.0,0.0,kotter
F3P,U0995NWAK47,Jheri curl,4,2025-08-15,2025-08-08,0.0,0.0,4.0,0.0,0.0,0.0,0.0,0.0,0.0,0.0,0.0,0.0,0.0,kotter
F3P,U08TAFQ4S0M,ATF,4,2025-06-27,2025-06-23,0.0,0.0,0.0,4.0,0.0,0.0,0.0,0.0,0.0,0.0,0.0,0.0,0.0,kotter
F3P,U092X8D6GBB,MacGruber - F3 Southsid3,2,2025-06-24,2025-06-23,0.0,0.0,0.0,2.0,0.0,0.0,0.0,0.0,0.0,0.0,0.0,0.0,0.0,kotter
F3P,U0932DSK945,Al Bundy,3,2025-09-02,2025-07-08,0.0,1.0,0.0,2.0,0.0,0.0,0.0,0.0,0.0,0.0,0.0,0.0,0.0,kotter
F3P,U017CRXMBA4,Pi 3.14 (F3 North Katy),7,2025-09-26,2024-11-29,1.0,0.0,0.0,0.0,1.0,0.0,1.0,0.0,2.0,0.0,2.0,0.0,0.0,active
F3P,U0756DDD08K,Dan-D-LION,21,2025-08-20,2024-10-23,0.0,0.0,2.0,0.0,1.0,4.0,3.0,1.0,0.0,0.0,3.0,7.0,0.0,kotter
F3P,U0803E8DB7X,Mario Kart,1,2024-11-16,2024-11-16,0.0,0.0,0.0,0.0,0.0,0.0,0.0,0.0,0.0,0.0,0.0,1.0,0.0,nonkotter
F3P,U081S4SDQEB,HGTV,25,2025-10-18,2024-12-07,3.0,3.0,2.0,0.0,3.0,3.0,3.0,1.0,3.0,2.0,2.0,0.0,0.0,active
F3P,U08HPL8Q7NV,Tool Time,10,2025-06-18,2025-03-19,0.0,0.0,0.0,0.0,2.0,3.0,4.0,1.0,0.0,0.0,0.0,0.0,0.0,kotter
F3P,U090GAA7QE6,Laces Out,16,2025-10-18,2025-06-07,3.0,4.0,3.0,3.0,3.0,0.0,0.0,0.0,0.0,0.0,0.0,0.0,0.0,active
F3P,U09AH747KEF,Italian Ice,16,2025-10-18,2025-08-16,6.0,9.0,1.0,0.0,0.0,0.0,0.0,0.0,0.0,0.0,0.0,0.0,0.0,active
F3P,U09BBJ81140,Slapshot,15,2025-10-18,2025-08-15,7.0,7.0,1.0,0.0,0.0,0.0,0.0,0.0,0.0,0.0,0.0,0.0,0.0,active
F3P,U0811KYJAEP,Cool Runnings,1,2024-11-15,2024-11-15,0.0,0.0,0.0,0.0,0.0,0.0,0.0,0.0,0.0,0.0,0.0,1.0,0.0,nonkotter
F3P,U08K5RPAY02,Al Roache,1,2025-06-20,2025-06-20,0.0,0.0,0.0,0.0,1.0,0.0,0.0,0.0,0.0,0.0,0.0,0.0,0.0,kotter
F3P,U09EZ6NN6HH,Thesaurus,4,2025-10-03,2025-09-13,2.0,2.0,0.0,0.0,0.0,0.0,0.0,0.0,0.0,0.0,0.0,0.0,0.0,active
F3P,U09CJQ6NV6Y,Spud,3,2025-09-27,2025-08-27,1.0,2.0,0.0,0.0,0.0,0.0,0.0,0.0,0.0,0.0,0.0,0.0,0.0,active
F3P,U07GDQCLB0T,Don Quixote,1,2025-03-22,2025-03-22,0.0,0.0,0.0,0.0,0.0,0.0,1.0,0.0,0.0,0.0,0.0,0.0,0.0,nonkotter
F3P,USLACKBOT,Slackbot,2,2025-06-24,2025-06-21,0.0,0.0,0.0,1.0,1.0,0.0,0.0,0.0,0.0,0.0,0.0,0.0,0.0,kotter
F3P,U09E53TV8JD,Party In A Box,1,2025-09-05,2025-09-05,0.0,1.0,0.0,0.0,0.0,0.0,0.0,0.0,0.0,0.0,0.0,0.0,0.0,kotter
F3P,U042B5WTVBN,Spirit Fingers (F3 Naperville),2,2025-03-04,2025-01-29,0.0,0.0,0.0,0.0,0.0,0.0,0.0,1.0,1.0,0.0,0.0,0.0,0.0,nonkotter
F3P,U09JUFJTXD3,Grinch,1,2025-10-06,2025-10-06,1.0,0.0,0.0,0.0,0.0,0.0,0.0,0.0,0.0,0.0,0.0,0.0,0.0,active
F3P,U050T8PK1JT,Tailspin-F3 Naperville,1,2025-02-26,2025-02-26,0.0,0.0,0.0,0.0,0.0,0.0,0.0,1.0,0.0,0.0,0.0,0.0,0.0,nonkotter
F3P,U05MUBTSF4P,Bean Counter (Naperville),4,2025-03-04,2024-11-19,0.0,0.0,0.0,0.0,0.0,0.0,0.0,2.0,1.0,0.0,0.0,1.0,0.0,nonkotter
F3P,U0792KKSBS8,Ukulele,4,2025-05-13,2025-01-08,0.0,0.0,0.0,0.0,0.0,1.0,0.0,1.0,0.0,2.0,0.0,0.0,0.0,kotter
F3P,U088LALR4FL,MallWalker,1,2025-01-15,2025-01-15,0.0,0.0,0.0,0.0,0.0,0.0,0.0,0.0,0.0,1.0,0.0,0.0,0.0,nonkotter
F3P,U08EFG3CTAN,Chaps (2nd F Naperville),2,2025-03-04,2025-02-26,0.0,0.0,0.0,0.0,0.0,0.0,0.0,2.0,0.0,0.0,0.0,0.0,0.0,nonkotter
F3P,U08RSFDHNBH,Putt Putt (F3 Naperville),1,2025-05-14,2025-05-14,0.0,0.0,0.0,0.0,0.0,1.0,0.0,0.0,0.0,0.0,0.0,0.0,0.0,kotter
F3P,U08S7T6KZK4,Greatest Showman (F3 Naperville),2,2025-05-14,2025-05-13,0.0,0.0,0.0,0.0,0.0,2.0,0.0,0.0,0.0,0.0,0.0,0.0,0.0,kotter
F3P,U04HX959YUS,Squishy,1,2024-10-23,2024-10-23,0.0,0.0,0.0,0.0,0.0,0.0,0.0,0.0,0.0,0.0,0.0,1.0,0.0,nonkotter
F3P,U08TQLR00LQ,Flatliner,1,2025-07-02,2025-07-02,0.0,0.0,0.0,1.0,0.0,0.0,0.0,0.0,0.0,0.0,0.0,0.0,0.0,kotter
F3P,U09D1TLFDK3,Garbage picker,1,2025-08-29,2025-08-29,0.0,1.0,0.0,0.0,0.0,0.0,0.0,0.0,0.0,0.0,0.0,0.0,0.0,kotter
F3P,U07USK88QJ3,Paparatzi,2,2024-11-18,2024-11-11,0.0,0.0,0.0,0.0,0.0,0.0,0.0,0.0,0.0,0.0,0.0,2.0,0.0,nonkotter
F3P,U02A96WC5HT,Second City,1,2025-08-04,2025-08-04,0.0,0.0,1.0,0.0,0.0,0.0,0.0,0.0,0.0,0.0,0.0,0.0,0.0,kotter
F3P,U092C571V3Q,Copay (F3 Naperville),1,2025-06-23,2025-06-23,0.0,0.0,0.0,1.0,0.0,0.0,0.0,0.0,0.0,0.0,0.0,0.0,0.0,kotter
F3P,U074516AUNQ,Shameless,1,2025-05-16,2025-05-16,0.0,0.0,0.0,0.0,0.0,1.0,0.0,0.0,0.0,0.0,0.0,0.0,0.0,kotter
F3P,U07DX2F4YAY,My Pleasure,8,2025-03-12,2024-10-30,0.0,0.0,0.0,0.0,0.0,0.0,0.0,3.0,0.0,1.0,1.0,3.0,0.0,nonkotter
F3P,U07V0KKMLNR,Ark,6,2024-12-11,2024-10-30,0.0,0.0,0.0,0.0,0.0,0.0,0.0,0.0,0.0,0.0,3.0,3.0,0.0,nonkotter
F3P,U0829R3EAMD,Peek-a-boo,10,2025-08-13,2025-04-16,0.0,0.0,2.0,2.0,2.0,3.0,1.0,0.0,0.0,0.0,0.0,0.0,0.0,kotter
F3P,U08MHTVAVTN,Frank the Tank,5,2025-05-28,2025-04-09,0.0,0.0,0.0,0.0,1.0,2.0,2.0,0.0,0.0,0.0,0.0,0.0,0.0,kotter
F3P,U06J6PKRU0P,Sweet Honey (F3 Naperville),11,2025-08-06,2024-10-30,0.0,0.0,1.0,1.0,0.0,1.0,1.0,1.0,2.0,2.0,0.0,2.0,0.0,kotter
F3P,U07984MQLU9,Jenn-ay,1,2025-04-16,2025-04-16,0.0,0.0,0.0,0.0,0.0,0.0,1.0,0.0,0.0,0.0,0.0,0.0,0.0,nonkotter
F3P,U03UC706GM9,Webster,1,2025-08-02,2025-08-02,0.0,0.0,1.0,0.0,0.0,0.0,0.0,0.0,0.0,0.0,0.0,0.0,0.0,kotter
F3P,U06H2CMCG4S,Dolph,1,2025-08-02,2025-08-02,0.0,0.0,1.0,0.0,0.0,0.0,0.0,0.0,0.0,0.0,0.0,0.0,0.0,kotter
F3P,U0756H95Q9G,Glass Jo,2,2024-10-30,2024-10-23,0.0,0.0,0.0,0.0,0.0,0.0,0.0,0.0,0.0,0.0,0.0,2.0,0.0,nonkotter
F3P,U077S1GTBMG,Space Invader,1,2024-11-06,2024-11-06,0.0,0.0,0.0,0.0,0.0,0.0,0.0,0.0,0.0,0.0,0.0,1.0,0.0,nonkotter
F3P,U04M8MS2WHJ,FINCH,23,2025-09-18,2024-11-19,0.0,2.0,2.0,1.0,1.0,6.0,2.0,3.0,3.0,0.0,2.0,1.0,0.0,kotter
F3P,U08FDCS4U3F,Pole Dancer,5,2025-05-08,2025-02-25,0.0,0.0,0.0,0.0,0.0,2.0,1.0,2.0,0.0,0.0,0.0,0.0,0.0,kotter
F3P,U08HDSELH6Y,Groucho,4,2025-05-22,2025-03-11,0.0,0.0,0.0,0.0,1.0,1.0,1.0,1.0,0.0,0.0,0.0,0.0,0.0,kotter
F3P,U08HHCWGB1A,Hocus Pocus,3,2025-05-08,2025-03-11,0.0,0.0,0.0,0.0,0.0,1.0,1.0,1.0,0.0,0.0,0.0,0.0,0.0,kotter
F3P,U08TYPXLCC8,Sloppy Joe,19,2025-10-02,2025-06-10,1.0,4.0,9.0,3.0,2.0,0.0,0.0,0.0,0.0,0.0,0.0,0.0,0.0,active
F3P,U097B8S352S,Ferkus,3,2025-09-16,2025-07-24,0.0,1.0,2.0,0.0,0.0,0.0,0.0,0.0,0.0,0.0,0.0,0.0,0.0,kotter
F3P,U097T71J18R,Freaky fast,3,2025-07-31,2025-07-22,0.0,0.0,3.0,0.0,0.0,0.0,0.0,0.0,0.0,0.0,0.0,0.0,0.0,kotter
F3P,U092ADB4GQH,Prime,2,2025-06-19,2025-06-17,0.0,0.0,0.0,0.0,2.0,0.0,0.0,0.0,0.0,0.0,0.0,0.0,0.0,kotter
F3P,U043KC41LA2,Woo Woo,4,2024-11-26,2024-11-05,0.0,0.0,0.0,0.0,0.0,0.0,0.0,0.0,0.0,0.0,1.0,3.0,0.0,nonkotter
F3P,U0558CXUZA9,Rapinoe,1,2024-11-12,2024-11-12,0.0,0.0,0.0,0.0,0.0,0.0,0.0,0.0,0.0,0.0,0.0,1.0,0.0,nonkotter
F3P,U07HBEN5Q1F,Crop Duster,1,2025-04-15,2025-04-15,0.0,0.0,0.0,0.0,0.0,0.0,1.0,0.0,0.0,0.0,0.0,0.0,0.0,nonkotter
F3P,U01ARKFCDGU,Tee Ball,1,2025-09-18,2025-09-18,0.0,1.0,0.0,0.0,0.0,0.0,0.0,0.0,0.0,0.0,0.0,0.0,0.0,kotter
F3P,U09699HEA4E,FLYER,3,2025-07-29,2025-07-15,0.0,0.0,1.0,2.0,0.0,0.0,0.0,0.0,0.0,0.0,0.0,0.0,0.0,kotter
F3P,U0173MR5CS2,Blues Clues (F3 Naperville),1,2025-05-13,2025-05-13,0.0,0.0,0.0,0.0,0.0,1.0,0.0,0.0,0.0,0.0,0.0,0.0,0.0,kotter
F3P,U06DNF8P3MM,Dial Tone (F3 YOMAMA),2,2025-05-15,2025-05-13,0.0,0.0,0.0,0.0,0.0,2.0,0.0,0.0,0.0,0.0,0.0,0.0,0.0,kotter
F3P,U08R9BBFMRN,SkyMall,2,2025-05-15,2025-05-13,0.0,0.0,0.0,0.0,0.0,2.0,0.0,0.0,0.0,0.0,0.0,0.0,0.0,kotter
F3P,U08RRCCL823,Steamboat Willie (F3 Naperville),1,2025-05-13,2025-05-13,0.0,0.0,0.0,0.0,0.0,1.0,0.0,0.0,0.0,0.0,0.0,0.0,0.0,kotter
F3P,U08RRCJP7C7,Boone's Farm (F3 Naperville),1,2025-05-13,2025-05-13,0.0,0.0,0.0,0.0,0.0,1.0,0.0,0.0,0.0,0.0,0.0,0.0,0.0,kotter
F3P,U08SLH781MF,Mista Mista,2,2025-05-15,2025-05-13,0.0,0.0,0.0,0.0,0.0,2.0,0.0,0.0,0.0,0.0,0.0,0.0,0.0,kotter
F3P,U01HK72F2NP,Sun Devil (Naperville),1,2025-05-15,2025-05-15,0.0,0.0,0.0,0.0,0.0,1.0,0.0,0.0,0.0,0.0,0.0,0.0,0.0,kotter
F3P,U01J9PPSDA9,Wine in a Box (F3 Naperville),1,2025-05-15,2025-05-15,0.0,0.0,0.0,0.0,0.0,1.0,0.0,0.0,0.0,0.0,0.0,0.0,0.0,kotter
F3P,U03SK13D50Q,Slip’N’Rock ( F3 Naperville ),1,2025-05-15,2025-05-15,0.0,0.0,0.0,0.0,0.0,1.0,0.0,0.0,0.0,0.0,0.0,0.0,0.0,kotter
F3P,U05EH5DFTCK,HHGregg,1,2025-05-15,2025-05-15,0.0,0.0,0.0,0.0,0.0,1.0,0.0,0.0,0.0,0.0,0.0,0.0,0.0,kotter
F3P,U087PCTL29Y,Ham,1,2025-05-15,2025-05-15,0.0,0.0,0.0,0.0,0.0,1.0,0.0,0.0,0.0,0.0,0.0,0.0,0.0,kotter
F3P,U089EFZJVEE,Dingo (F3 Naperville),1,2025-05-15,2025-05-15,0.0,0.0,0.0,0.0,0.0,1.0,0.0,0.0,0.0,0.0,0.0,0.0,0.0,kotter
F3P,U08S4HERNBZ,Gamecock (F3 Naperville),1,2025-05-15,2025-05-15,0.0,0.0,0.0,0.0,0.0,1.0,0.0,0.0,0.0,0.0,0.0,0.0,0.0,kotter
F3P,U07U4L7F1M2,K-Mart,1,2024-10-29,2024-10-29,0.0,0.0,0.0,0.0,0.0,0.0,0.0,0.0,0.0,0.0,0.0,1.0,0.0,nonkotter
F3P,U0171K8109F,F3CrossroadsIL,1,2025-05-23,2025-05-23,0.0,0.0,0.0,0.0,1.0,0.0,0.0,0.0,0.0,0.0,0.0,0.0,0.0,kotter
F3P,U09KYM9V279,Dipstick,1,2025-10-14,2025-10-14,1.0,0.0,0.0,0.0,0.0,0.0,0.0,0.0,0.0,0.0,0.0,0.0,0.0,active
F3P,U04RS91KM46,Goody Two Shoes,1,2025-09-02,2025-09-02,0.0,1.0,0.0,0.0,0.0,0.0,0.0,0.0,0.0,0.0,0.0,0.0,0.0,kotter
F3P,U08V6VCELRG,2Shells,1,2025-06-03,2025-06-03,0.0,0.0,0.0,0.0,1.0,0.0,0.0,0.0,0.0,0.0,0.0,0.0,0.0,kotter
CMW,U06U4TCQ3QV,Norm,205,2025-10-20,2024-10-21,7.0,16.0,23.0,24.0,19.0,23.0,18.0,10.0,10.0,7.0,20.0,26.0,2.0,active
CMW,U075Q8DPSQP,Webster,55,2025-10-14,2024-10-21,3.0,20.0,13.0,3.0,0.0,2.0,0.0,1.0,0.0,0.0,4.0,8.0,1.0,active
CMW,U07641GBN84,Autobahn,6,2024-11-11,2024-10-21,0.0,0.0,0.0,0.0,0.0,0.0,0.0,0.0,0.0,0.0,0.0,5.0,1.0,nonkotter
CMW,U0773ML2S5P,CarpetMulcher,44,2025-10-17,2024-10-21,6.0,5.0,9.0,0.0,0.0,1.0,1.0,4.0,0.0,0.0,7.0,10.0,1.0,active
CMW,U0775S33M7Y,Doogie Howser,46,2025-10-14,2024-10-21,1.0,0.0,0.0,1.0,3.0,4.0,2.0,5.0,4.0,5.0,5.0,15.0,1.0,active
CMW,U077ERYKXPW,Flamingo,43,2025-10-10,2024-10-21,3.0,4.0,5.0,3.0,4.0,0.0,0.0,2.0,3.0,2.0,5.0,11.0,1.0,active
CMW,U06TTAJS8S3,Yellow Card,86,2025-10-21,2024-10-24,6.0,10.0,5.0,9.0,7.0,6.0,8.0,4.0,7.0,15.0,3.0,6.0,0.0,active
CMW,U06U4T2AZA9,Squidward,125,2025-10-21,2024-10-22,11.0,11.0,9.0,8.0,13.0,9.0,16.0,10.0,5.0,6.0,14.0,13.0,0.0,active
CMW,U06UC6UDY9K,Deja vu,218,2025-10-21,2024-10-23,24.0,14.0,18.0,15.0,22.0,21.0,25.0,15.0,17.0,17.0,14.0,16.0,0.0,active
CMW,U06UF97D1DL,Millville,72,2025-10-18,2024-10-21,7.0,7.0,6.0,9.0,4.0,4.0,6.0,2.0,3.0,5.0,6.0,12.0,1.0,active
CMW,U06V7NPJATV,Spike Horn,72,2025-10-18,2024-10-22,6.0,7.0,4.0,4.0,7.0,9.0,4.0,6.0,7.0,3.0,6.0,9.0,0.0,active
CMW,U074MHW984B,SoftHands,68,2025-10-11,2024-10-23,4.0,6.0,9.0,3.0,4.0,9.0,5.0,9.0,9.0,3.0,1.0,6.0,0.0,active
CMW,U07506W44SH,Picasso,238,2025-10-21,2024-10-21,19.0,22.0,22.0,16.0,19.0,18.0,14.0,19.0,17.0,25.0,22.0,24.0,1.0,active
CMW,U0752TSNA4S,Rooney,217,2025-10-21,2024-10-21,17.0,16.0,19.0,18.0,22.0,21.0,15.0,18.0,17.0,19.0,14.0,20.0,1.0,active
CMW,U075M2BPNUF,Sparkler,20,2025-10-21,2024-10-30,4.0,1.0,4.0,0.0,0.0,2.0,1.0,0.0,2.0,0.0,3.0,3.0,0.0,active
CMW,U075NQQS11D,Binford,169,2025-10-21,2024-10-21,16.0,21.0,10.0,14.0,11.0,15.0,14.0,10.0,15.0,12.0,13.0,17.0,1.0,active
CMW,U075YCNHN79,Foreclosure,64,2025-10-15,2024-10-30,4.0,5.0,11.0,5.0,5.0,4.0,5.0,2.0,5.0,5.0,3.0,10.0,0.0,active
CMW,U0762KAR0SW,Chum Bucket,58,2025-10-11,2024-10-21,2.0,6.0,5.0,3.0,4.0,6.0,4.0,8.0,5.0,3.0,4.0,7.0,1.0,active
CMW,U07642VPAP6,Puddles,176,2025-10-21,2024-10-22,9.0,12.0,10.0,22.0,20.0,17.0,12.0,17.0,13.0,10.0,15.0,19.0,0.0,active
CMW,U07660RDGKD,Farmers Only,67,2025-10-18,2024-10-21,4.0,5.0,6.0,2.0,5.0,5.0,4.0,6.0,3.0,7.0,6.0,13.0,1.0,active
CMW,U076E7FRUCR,GrubX (CMW),139,2025-10-20,2024-10-21,18.0,13.0,5.0,8.0,13.0,8.0,15.0,15.0,9.0,11.0,7.0,16.0,1.0,active
CMW,U076EP35URF,Meta (F3 Plainfield),38,2025-10-04,2024-10-29,1.0,4.0,2.0,1.0,1.0,4.0,1.0,0.0,2.0,2.0,11.0,9.0,0.0,active
CMW,U076GUPMJE5,Shawshank,81,2025-10-16,2024-10-21,4.0,4.0,7.0,10.0,11.0,1.0,6.0,5.0,3.0,15.0,6.0,8.0,1.0,active
CMW,U07D8SQFSN7,Bueller,53,2025-10-16,2024-10-21,3.0,2.0,2.0,3.0,6.0,8.0,4.0,6.0,6.0,4.0,1.0,7.0,1.0,active
CMW,U07D90KDL3C,Plunger,59,2025-10-21,2024-11-19,12.0,4.0,10.0,4.0,6.0,7.0,3.0,4.0,3.0,3.0,2.0,1.0,0.0,active
CMW,U07F29G4A11,Miata,168,2025-10-16,2024-10-21,6.0,14.0,14.0,14.0,14.0,18.0,13.0,12.0,16.0,13.0,18.0,15.0,1.0,active
CMW,U07KZ74DUTZ,Huffy,169,2025-10-21,2024-10-21,16.0,13.0,15.0,11.0,14.0,15.0,16.0,14.0,9.0,8.0,16.0,20.0,2.0,active
CMW,U08J2RK3CSX,Snail Mail,88,2025-10-20,2025-03-22,13.0,14.0,14.0,12.0,5.0,14.0,16.0,0.0,0.0,0.0,0.0,0.0,0.0,active
CMW,U090R8T8GM7,Plankton,64,2025-10-21,2025-06-02,18.0,14.0,10.0,11.0,11.0,0.0,0.0,0.0,0.0,0.0,0.0,0.0,0.0,active
CMW,U092GKC75D0,Kickflip,70,2025-10-21,2025-06-23,20.0,20.0,16.0,14.0,0.0,0.0,0.0,0.0,0.0,0.0,0.0,0.0,0.0,active
CMW,U097KSKSTJR,nightowl,3,2025-07-29,2025-07-26,0.0,0.0,3.0,0.0,0.0,0.0,0.0,0.0,0.0,0.0,0.0,0.0,0.0,kotter
CMW,U09BJTQGU5B,Osteen,16,2025-10-20,2025-08-22,6.0,10.0,0.0,0.0,0.0,0.0,0.0,0.0,0.0,0.0,0.0,0.0,0.0,active
CMW,U09F13QCB39,Mary Lou,9,2025-10-13,2025-09-16,6.0,3.0,0.0,0.0,0.0,0.0,0.0,0.0,0.0,0.0,0.0,0.0,0.0,active
CMW,U06U4TCG2DT,BABYMOMMA,133,2025-10-17,2024-10-21,4.0,4.0,7.0,5.0,14.0,10.0,17.0,15.0,14.0,11.0,10.0,21.0,1.0,active
CMW,U073PEUJEGG,Dog House,201,2025-10-20,2024-10-21,11.0,17.0,17.0,11.0,10.0,16.0,16.0,15.0,11.0,19.0,28.0,29.0,1.0,active
CMW,U0761DBMBHR,Hank Hill (F3- Plainfield),53,2025-10-11,2024-10-26,6.0,4.0,4.0,3.0,3.0,3.0,5.0,4.0,4.0,4.0,8.0,5.0,0.0,active
CMW,U0761HZA7BL,Ricola,210,2025-10-21,2024-10-21,24.0,19.0,21.0,10.0,27.0,25.0,12.0,14.0,11.0,10.0,18.0,18.0,1.0,active
CMW,U076EPHRRDX,Gopher,8,2025-09-02,2024-11-13,0.0,1.0,0.0,0.0,0.0,0.0,0.0,0.0,1.0,0.0,4.0,2.0,0.0,kotter
CMW,U076F2Y76F3,Dear Abby,11,2025-05-07,2024-11-09,0.0,0.0,0.0,0.0,0.0,1.0,0.0,0.0,0.0,2.0,2.0,6.0,0.0,kotter
CMW,U076MQ75RUL,1040EZ,33,2025-10-20,2024-11-25,3.0,2.0,4.0,4.0,3.0,5.0,1.0,2.0,0.0,4.0,5.0,0.0,0.0,active
CMW,U07769PNG22,Six Sheets,15,2025-07-15,2024-10-22,0.0,0.0,0.0,2.0,3.0,3.0,0.0,0.0,0.0,0.0,3.0,4.0,0.0,kotter
CMW,U077G0SC9GB,Burnt Ends,14,2025-10-20,2024-10-21,3.0,1.0,2.0,1.0,0.0,1.0,3.0,0.0,0.0,1.0,0.0,1.0,1.0,active
CMW,U077HC1UVUH,Trifecta,32,2025-10-20,2024-11-02,2.0,1.0,0.0,0.0,0.0,0.0,0.0,1.0,0.0,1.0,14.0,13.0,0.0,active
CMW,U078BTM328Y,Dutch Boy,37,2025-10-08,2025-04-07,4.0,2.0,2.0,8.0,13.0,3.0,5.0,0.0,0.0,0.0,0.0,0.0,0.0,active
CMW,U078Y3E219V,Storm Chaser,173,2025-10-18,2024-10-21,11.0,16.0,15.0,13.0,22.0,8.0,16.0,13.0,9.0,14.0,18.0,17.0,1.0,active
CMW,U07CQ02C5PS,Sparky,37,2025-09-29,2024-10-23,2.0,1.0,0.0,2.0,2.0,2.0,6.0,4.0,4.0,5.0,3.0,6.0,0.0,active
CMW,U07D2BG0BQW,Jordache,15,2025-10-21,2024-11-12,2.0,1.0,0.0,0.0,0.0,0.0,1.0,2.0,1.0,1.0,5.0,2.0,0.0,active
CMW,U07D8SPR33M,Tinfoil,5,2024-11-28,2024-11-07,0.0,0.0,0.0,0.0,0.0,0.0,0.0,0.0,0.0,0.0,1.0,4.0,0.0,nonkotter
CMW,U07D8SQDNUB,SoccerMom,14,2025-09-19,2024-11-19,0.0,1.0,2.0,1.0,1.0,1.0,3.0,1.0,1.0,0.0,2.0,1.0,0.0,kotter
CMW,U07D8SQHSPM,LaRussa,17,2025-08-05,2024-11-02,0.0,0.0,2.0,0.0,3.0,1.0,1.0,0.0,0.0,0.0,6.0,4.0,0.0,kotter
CMW,U07FERW7NFL,Hanger (F3 Plainfield),13,2025-09-29,2024-11-04,1.0,2.0,1.0,0.0,1.0,1.0,2.0,0.0,1.0,1.0,2.0,1.0,0.0,active
CMW,U07HRDT6YKA,Ricochet,15,2025-05-07,2024-11-09,0.0,0.0,0.0,0.0,0.0,1.0,0.0,0.0,0.0,2.0,6.0,6.0,0.0,kotter
CMW,U07JDCFG402,Spit Valve(F3 Plainfield),30,2025-09-16,2024-11-11,0.0,3.0,1.0,3.0,2.0,3.0,0.0,1.0,2.0,4.0,10.0,1.0,0.0,kotter
CMW,U07N28RG222,TruGreen,11,2025-08-26,2024-11-05,0.0,1.0,0.0,0.0,0.0,0.0,0.0,0.0,0.0,0.0,5.0,5.0,0.0,kotter
CMW,U07P1L8QL2G,Backstreet,31,2025-08-22,2024-10-21,0.0,1.0,6.0,5.0,2.0,1.0,0.0,3.0,3.0,1.0,3.0,5.0,1.0,kotter
CMW,U07QBTJ5E02,Malort,3,2025-01-25,2024-11-02,0.0,0.0,0.0,0.0,0.0,0.0,0.0,0.0,1.0,0.0,1.0,1.0,0.0,nonkotter
CMW,U07QDRBGRGC,Moist,6,2025-09-29,2024-11-12,1.0,0.0,0.0,1.0,0.0,0.0,0.0,0.0,0.0,0.0,1.0,3.0,0.0,active
CMW,U091VN6V0Q2,SpongeBob,20,2025-10-21,2025-06-18,4.0,0.0,3.0,9.0,4.0,0.0,0.0,0.0,0.0,0.0,0.0,0.0,0.0,active
CMW,U097PRKS77H,PFG,50,2025-10-21,2025-07-30,22.0,14.0,14.0,0.0,0.0,0.0,0.0,0.0,0.0,0.0,0.0,0.0,0.0,active
CMW,U09FC4C6NHH,Uncle Joey,6,2025-10-10,2025-09-23,6.0,0.0,0.0,0.0,0.0,0.0,0.0,0.0,0.0,0.0,0.0,0.0,0.0,active
CMW,U075NNEGHLP,Doozie,32,2025-10-01,2024-10-29,1.0,2.0,0.0,2.0,5.0,5.0,4.0,1.0,5.0,0.0,2.0,5.0,0.0,active
CMW,U07A7UEC014,Tinder,20,2025-10-18,2024-10-28,1.0,0.0,0.0,0.0,0.0,3.0,3.0,1.0,1.0,0.0,1.0,10.0,0.0,active
CMW,U07B6KB2MD5,D-Bag,46,2025-09-14,2024-10-23,0.0,3.0,5.0,2.0,5.0,4.0,1.0,6.0,1.0,1.0,10.0,8.0,0.0,kotter
CMW,U075FTWMA14,Booger,41,2025-05-19,2024-11-04,0.0,0.0,0.0,0.0,0.0,1.0,1.0,0.0,6.0,5.0,18.0,10.0,0.0,kotter
CMW,U075UTGRUNA,Ecto Cooler,27,2025-05-07,2024-11-04,0.0,0.0,0.0,0.0,0.0,1.0,1.0,0.0,0.0,3.0,11.0,11.0,0.0,kotter
CMW,U0761MMA2F7,Hot Lava,68,2025-10-20,2024-10-21,4.0,2.0,4.0,4.0,5.0,10.0,4.0,7.0,3.0,6.0,12.0,6.0,1.0,active
CMW,U0761RQBBA6,Bunny Hill,62,2025-10-06,2024-10-23,6.0,5.0,7.0,9.0,3.0,6.0,8.0,5.0,1.0,7.0,4.0,1.0,0.0,active
CMW,U07641L93E0,Schlitz,9,2025-09-29,2024-11-09,1.0,0.0,0.0,0.0,1.0,0.0,0.0,0.0,0.0,1.0,3.0,3.0,0.0,active
CMW,U0784TJM856,Manhole,71,2025-10-20,2024-11-04,10.0,6.0,6.0,4.0,5.0,6.0,7.0,8.0,4.0,5.0,8.0,2.0,0.0,active
CMW,U07AY69SPEX,Celine Dion,58,2025-10-20,2024-11-09,4.0,3.0,3.0,3.0,6.0,3.0,6.0,5.0,1.0,5.0,11.0,8.0,0.0,active
CMW,U07B21RKBDF,fuzzy navel,45,2025-10-18,2024-10-23,4.0,2.0,2.0,2.0,1.0,4.0,1.0,4.0,1.0,3.0,11.0,10.0,0.0,active
CMW,U07CUDM5VFZ,Finch,84,2025-10-20,2024-10-21,7.0,7.0,6.0,7.0,7.0,8.0,7.0,9.0,7.0,8.0,7.0,3.0,1.0,active
CMW,U07TRMBPQP8,Mr Burns,136,2025-10-18,2024-10-31,12.0,7.0,9.0,11.0,15.0,15.0,13.0,14.0,14.0,8.0,9.0,9.0,0.0,active
CMW,U08HYTM07B9,Tool Box,74,2025-10-18,2025-03-22,10.0,9.0,8.0,8.0,9.0,14.0,16.0,0.0,0.0,0.0,0.0,0.0,0.0,active
CMW,U075M35MLFR,Latte,136,2025-10-20,2024-10-21,16.0,15.0,16.0,12.0,8.0,10.0,11.0,9.0,9.0,11.0,7.0,11.0,1.0,active
CMW,U075UTZCA78,FLANDERS,115,2025-10-18,2024-10-21,11.0,12.0,13.0,8.0,23.0,8.0,5.0,8.0,3.0,3.0,7.0,12.0,2.0,active
CMW,U075V1NF430,Homer Simpson,11,2025-08-20,2024-11-01,0.0,0.0,1.0,1.0,1.0,2.0,5.0,0.0,0.0,0.0,0.0,1.0,0.0,kotter
CMW,U07CLAF0ENL,Ditka,8,2025-10-17,2025-02-11,2.0,0.0,0.0,0.0,0.0,1.0,2.0,1.0,2.0,0.0,0.0,0.0,0.0,active
CMW,U08BZNZ242E,Feta,9,2025-04-07,2025-02-10,0.0,0.0,0.0,0.0,0.0,0.0,2.0,4.0,3.0,0.0,0.0,0.0,0.0,nonkotter
CMW,U09FNALV8MS,Fosters,12,2025-10-20,2025-09-17,11.0,1.0,0.0,0.0,0.0,0.0,0.0,0.0,0.0,0.0,0.0,0.0,0.0,active
CMW,U09GNMANLC9,Sir Lemonhead,25,2025-10-21,2025-09-23,25.0,0.0,0.0,0.0,0.0,0.0,0.0,0.0,0.0,0.0,0.0,0.0,0.0,active
CMW,U09GT7GJ21Y,Groot,21,2025-10-21,2025-09-24,21.0,0.0,0.0,0.0,0.0,0.0,0.0,0.0,0.0,0.0,0.0,0.0,0.0,active
CMW,U075UVB32VC,Hatchet,11,2025-08-30,2024-12-07,0.0,4.0,3.0,0.0,1.0,0.0,0.0,0.0,1.0,1.0,1.0,0.0,0.0,kotter
CMW,U07648AKKLL,OLIVE OYL,1,2024-11-04,2024-11-04,0.0,0.0,0.0,0.0,0.0,0.0,0.0,0.0,0.0,0.0,0.0,1.0,0.0,nonkotter
CMW,U076BDMM41Y,Dauber (F3 Plainfield),42,2025-10-04,2024-10-26,1.0,0.0,0.0,1.0,2.0,0.0,4.0,2.0,1.0,3.0,14.0,14.0,0.0,active
CMW,U07B3B4UPUG,Shameless,12,2025-05-24,2024-10-28,0.0,0.0,0.0,0.0,1.0,2.0,0.0,0.0,0.0,0.0,2.0,7.0,0.0,kotter
CMW,U07CUDKAS5V,Zimmer,7,2025-10-11,2024-11-11,2.0,0.0,1.0,0.0,0.0,0.0,0.0,0.0,0.0,0.0,3.0,1.0,0.0,active
CMW,U07CUDKRWHM,Depends,17,2025-09-29,2024-11-11,1.0,0.0,0.0,0.0,0.0,2.0,0.0,0.0,4.0,0.0,5.0,5.0,0.0,active
CMW,U07D90K2FPU,West Side Story,1,2024-10-28,2024-10-28,0.0,0.0,0.0,0.0,0.0,0.0,0.0,0.0,0.0,0.0,0.0,1.0,0.0,nonkotter
CMW,U07EBSVG6GM,Tee Ball,23,2025-10-20,2024-10-28,3.0,2.0,2.0,1.0,2.0,4.0,0.0,1.0,0.0,0.0,3.0,5.0,0.0,active
CMW,U07S8DEG4HE,Free Smells,3,2024-12-21,2024-11-04,0.0,0.0,0.0,0.0,0.0,0.0,0.0,0.0,0.0,0.0,2.0,1.0,0.0,nonkotter
CMW,U07S9AW6UGY,007,3,2024-12-21,2024-11-04,0.0,0.0,0.0,0.0,0.0,0.0,0.0,0.0,0.0,0.0,2.0,1.0,0.0,nonkotter
CMW,U084APAR8KT,Copycat,7,2025-06-29,2024-12-07,0.0,0.0,0.0,2.0,2.0,0.0,0.0,0.0,0.0,1.0,2.0,0.0,0.0,kotter
CMW,U08RVNXHSBX,Underdog,78,2025-10-21,2025-05-14,18.0,12.0,17.0,14.0,14.0,3.0,0.0,0.0,0.0,0.0,0.0,0.0,0.0,active
CMW,U099H674TEF,Borland,32,2025-10-20,2025-08-09,10.0,16.0,6.0,0.0,0.0,0.0,0.0,0.0,0.0,0.0,0.0,0.0,0.0,active
CMW,U0764RJ523U,Old Maid,9,2025-06-16,2024-11-02,0.0,0.0,0.0,0.0,1.0,1.0,0.0,0.0,0.0,0.0,3.0,4.0,0.0,kotter
CMW,U0776UW54CW,Cutler (F3P),6,2025-09-29,2024-11-23,1.0,1.0,0.0,0.0,0.0,0.0,2.0,0.0,1.0,0.0,1.0,0.0,0.0,active
CMW,U08D4B0328Z,ATF,140,2025-10-21,2025-02-11,20.0,17.0,20.0,12.0,22.0,19.0,12.0,14.0,4.0,0.0,0.0,0.0,0.0,active
CMW,U08HKFN7Z0T,Green Mile,3,2025-03-29,2025-03-15,0.0,0.0,0.0,0.0,0.0,0.0,1.0,2.0,0.0,0.0,0.0,0.0,0.0,nonkotter
CMW,U075Y7PK8B0,Jellystone - F3 Plainfield,10,2025-09-29,2024-10-26,1.0,1.0,0.0,0.0,0.0,3.0,2.0,0.0,0.0,0.0,1.0,2.0,0.0,active
CMW,U076FF0SL01,Freon,20,2025-10-20,2024-11-02,3.0,1.0,1.0,0.0,0.0,4.0,2.0,0.0,0.0,0.0,3.0,6.0,0.0,active
CMW,U0778324GKV,Bob Villa (F3 Plainfield),18,2025-10-15,2025-03-15,4.0,3.0,1.0,1.0,2.0,6.0,0.0,1.0,0.0,0.0,0.0,0.0,0.0,active
CMW,U07B3AYSQSU,Hot Dawg,11,2025-07-01,2025-05-02,0.0,0.0,0.0,1.0,3.0,7.0,0.0,0.0,0.0,0.0,0.0,0.0,0.0,kotter
CMW,U07D2BG7BSS,Caboose,17,2025-08-04,2024-11-04,0.0,0.0,1.0,0.0,0.0,0.0,0.0,0.0,0.0,0.0,8.0,8.0,0.0,kotter
CMW,U07EU83DP9D,Foghorn,9,2025-04-17,2024-10-30,0.0,0.0,0.0,0.0,0.0,0.0,1.0,0.0,1.0,1.0,3.0,3.0,0.0,nonkotter
CMW,U080HMN8G3Z,Just Dance (F3 Plainfield),2,2025-05-26,2024-11-27,0.0,0.0,0.0,0.0,1.0,0.0,0.0,0.0,0.0,0.0,1.0,0.0,0.0,kotter
CMW,U0856E004PM,Cheeto Puff,1,2024-12-17,2024-12-17,0.0,0.0,0.0,0.0,0.0,0.0,0.0,0.0,0.0,0.0,1.0,0.0,0.0,nonkotter
CMW,U07C4CHMHA6,5-Putt,3,2025-08-03,2024-12-02,0.0,0.0,1.0,0.0,0.0,0.0,0.0,0.0,1.0,0.0,1.0,0.0,0.0,kotter
CMW,U07CUDK83FH,Bronco (F3 Naperville),7,2025-10-18,2025-05-24,1.0,2.0,0.0,3.0,1.0,0.0,0.0,0.0,0.0,0.0,0.0,0.0,0.0,active
CMW,U07CUDM870F,Elvis,2,2025-02-05,2025-01-31,0.0,0.0,0.0,0.0,0.0,0.0,0.0,0.0,2.0,0.0,0.0,0.0,0.0,nonkotter
CMW,U07DML578C9,vern,1,2025-02-05,2025-02-05,0.0,0.0,0.0,0.0,0.0,0.0,0.0,0.0,1.0,0.0,0.0,0.0,0.0,nonkotter
CMW,U07GC3S48T0,Rikishi,103,2025-10-20,2024-10-21,15.0,17.0,11.0,6.0,12.0,8.0,7.0,5.0,4.0,2.0,6.0,9.0,1.0,active
CMW,U07H4DXQAQ0,Blinker Fluid,1,2024-11-20,2024-11-20,0.0,0.0,0.0,0.0,0.0,0.0,0.0,0.0,0.0,0.0,0.0,1.0,0.0,nonkotter
CMW,U08BP2L6QCC,Aquaman,2,2025-02-05,2025-02-04,0.0,0.0,0.0,0.0,0.0,0.0,0.0,0.0,2.0,0.0,0.0,0.0,0.0,nonkotter
CMW,U0915RG9C64,Phoenix (F3 Plainfield),15,2025-09-16,2025-06-09,0.0,2.0,9.0,3.0,1.0,0.0,0.0,0.0,0.0,0.0,0.0,0.0,0.0,kotter
CMW,U09FD0M7GUC,Al Dente,1,2025-09-15,2025-09-15,0.0,1.0,0.0,0.0,0.0,0.0,0.0,0.0,0.0,0.0,0.0,0.0,0.0,kotter
CMW,U075M0S8X3R,Mahomes (F3 Plainfield),5,2025-09-06,2024-11-14,0.0,1.0,0.0,0.0,0.0,1.0,0.0,0.0,0.0,1.0,1.0,1.0,0.0,kotter
CMW,U091Q9VPY2F,Scuba Steve (F3 Plainfield),6,2025-09-29,2025-06-28,1.0,2.0,1.0,2.0,0.0,0.0,0.0,0.0,0.0,0.0,0.0,0.0,0.0,active
CMW,U08T7CM1AMP,Temu,19,2025-06-30,2025-05-17,0.0,0.0,0.0,2.0,15.0,2.0,0.0,0.0,0.0,0.0,0.0,0.0,0.0,kotter
CMW,U09KS6ZKMPA,Frankenstein,10,2025-10-20,2025-10-06,10.0,0.0,0.0,0.0,0.0,0.0,0.0,0.0,0.0,0.0,0.0,0.0,0.0,active
CMW,U076414DDD1,Foundation (F3 Plainfield),2,2025-07-07,2025-03-26,0.0,0.0,0.0,1.0,0.0,0.0,1.0,0.0,0.0,0.0,0.0,0.0,0.0,kotter
CMW,U076QBUU20Y,Happy Camper (F3 Plainfield),2,2024-12-07,2024-11-16,0.0,0.0,0.0,0.0,0.0,0.0,0.0,0.0,0.0,0.0,1.0,1.0,0.0,nonkotter
CMW,U076FU176SD,Blue Gill (F3 Plainfield),5,2025-10-04,2024-11-05,1.0,0.0,0.0,0.0,0.0,1.0,1.0,0.0,0.0,0.0,0.0,2.0,0.0,active
CMW,U076TV8CJ5N,Flashbang,5,2025-07-19,2024-10-31,0.0,0.0,0.0,1.0,1.0,0.0,0.0,0.0,2.0,0.0,0.0,1.0,0.0,kotter
CMW,U07KZKSUNCF,HitchHiker,1,2025-07-05,2025-07-05,0.0,0.0,0.0,1.0,0.0,0.0,0.0,0.0,0.0,0.0,0.0,0.0,0.0,kotter
CMW,U07D8SPA98T,Bedpan (F3 Plainfield),1,2024-12-28,2024-12-28,0.0,0.0,0.0,0.0,0.0,0.0,0.0,0.0,0.0,1.0,0.0,0.0,0.0,nonkotter
CMW,U0784ANTT6V,Sizzler,6,2025-10-18,2024-12-23,1.0,1.0,0.0,0.0,0.0,1.0,1.0,0.0,0.0,2.0,0.0,0.0,0.0,active
CMW,U07AD9RTGQ6,Dilly Dilly,7,2025-02-04,2024-11-20,0.0,0.0,0.0,0.0,0.0,0.0,0.0,0.0,2.0,2.0,2.0,1.0,0.0,nonkotter
CMW,U08DMPFG91S,Duckhunt,4,2025-09-29,2025-02-17,1.0,1.0,0.0,0.0,1.0,0.0,0.0,0.0,1.0,0.0,0.0,0.0,0.0,active
CMW,U097PNYTHML,Corn sweat,1,2025-07-28,2025-07-28,0.0,0.0,1.0,0.0,0.0,0.0,0.0,0.0,0.0,0.0,0.0,0.0,0.0,kotter
CMW,U07D2BELL94,Napster,2,2025-09-16,2024-12-07,0.0,1.0,0.0,0.0,0.0,0.0,0.0,0.0,0.0,0.0,1.0,0.0,0.0,kotter
CMW,U085KRND15X,Koko Puff (Southsid3),1,2024-12-26,2024-12-26,0.0,0.0,0.0,0.0,0.0,0.0,0.0,0.0,0.0,1.0,0.0,0.0,0.0,nonkotter
CMW,U08JFN2D5F1,Tool time,4,2025-05-14,2025-04-19,0.0,0.0,0.0,0.0,0.0,2.0,2.0,0.0,0.0,0.0,0.0,0.0,0.0,kotter
CMW,USLACKBOT,Slackbot,3,2025-03-03,2024-12-06,0.0,0.0,0.0,0.0,0.0,0.0,0.0,2.0,0.0,0.0,1.0,0.0,0.0,nonkotter
CMW,U0763B4F5FV,Crabgrass,98,2025-10-21,2024-10-22,13.0,7.0,8.0,4.0,7.0,9.0,6.0,9.0,8.0,8.0,7.0,12.0,0.0,active
CMW,U09LNEVBTUP,HOBO,1,2025-10-21,2025-10-21,1.0,0.0,0.0,0.0,0.0,0.0,0.0,0.0,0.0,0.0,0.0,0.0,0.0,active
CMW,U078MA1Q32N,Cart Girl,3,2025-06-20,2025-05-06,0.0,0.0,0.0,0.0,1.0,2.0,0.0,0.0,0.0,0.0,0.0,0.0,0.0,kotter
CMW,U08R0G363NV,Gomer Pyle,2,2025-05-09,2025-05-03,0.0,0.0,0.0,0.0,0.0,2.0,0.0,0.0,0.0,0.0,0.0,0.0,0.0,kotter
CMW,U07QS83SJ5A,Mayhem,15,2025-10-17,2024-10-28,3.0,2.0,0.0,0.0,0.0,0.0,1.0,0.0,0.0,0.0,4.0,5.0,0.0,active
CMW,U07BJFKEEQ3,Axl,23,2025-03-15,2024-11-18,0.0,0.0,0.0,0.0,0.0,0.0,0.0,6.0,3.0,5.0,7.0,2.0,0.0,nonkotter
CMW,U07PNDZQLB1,Boston Creme,8,2025-09-22,2024-11-04,1.0,0.0,0.0,0.0,2.0,0.0,0.0,1.0,0.0,0.0,1.0,3.0,0.0,active
CMW,U073F847QES,Den Mother,1,2025-05-02,2025-05-02,0.0,0.0,0.0,0.0,0.0,1.0,0.0,0.0,0.0,0.0,0.0,0.0,0.0,kotter
CMW,U07D8SQLEBD,Boomer,9,2025-01-06,2024-11-25,0.0,0.0,0.0,0.0,0.0,0.0,0.0,0.0,0.0,4.0,5.0,0.0,0.0,nonkotter
CMW,U07E9TNEBLL,Door Ding,1,2024-11-15,2024-11-15,0.0,0.0,0.0,0.0,0.0,0.0,0.0,0.0,0.0,0.0,0.0,1.0,0.0,nonkotter
CMW,U08V3M5NU2H,hotmic,5,2025-07-17,2025-06-10,0.0,0.0,0.0,3.0,2.0,0.0,0.0,0.0,0.0,0.0,0.0,0.0,0.0,kotter
CMW,U092KA03CTB,Gauze,2,2025-06-30,2025-06-20,0.0,0.0,0.0,1.0,1.0,0.0,0.0,0.0,0.0,0.0,0.0,0.0,0.0,kotter
CMW,U0870LBSSRH,Goose,3,2025-05-29,2025-03-20,0.0,0.0,0.0,0.0,1.0,0.0,1.0,1.0,0.0,0.0,0.0,0.0,0.0,kotter
CMW,U0988N0652A,Trolly,4,2025-08-22,2025-08-04,0.0,1.0,3.0,0.0,0.0,0.0,0.0,0.0,0.0,0.0,0.0,0.0,0.0,kotter
CMW,U07HZFAQE31,Frontier,7,2025-04-16,2024-11-27,0.0,0.0,0.0,0.0,0.0,0.0,3.0,2.0,0.0,0.0,2.0,0.0,0.0,nonkotter
CMW,U08SSRW1CM8,DEF,2,2025-05-22,2025-05-20,0.0,0.0,0.0,0.0,1.0,1.0,0.0,0.0,0.0,0.0,0.0,0.0,0.0,kotter
CMW,U095P4UKQLX,Stay-Puft (F3 Naperville),1,2025-08-08,2025-08-08,0.0,0.0,1.0,0.0,0.0,0.0,0.0,0.0,0.0,0.0,0.0,0.0,0.0,kotter
CMW,U09LR5ST212,Danny O’Shay,3,2025-10-18,2025-10-16,3.0,0.0,0.0,0.0,0.0,0.0,0.0,0.0,0.0,0.0,0.0,0.0,0.0,active
CMW,U08P03CDWQ6,Cummins,5,2025-06-02,2025-05-05,0.0,0.0,0.0,0.0,1.0,4.0,0.0,0.0,0.0,0.0,0.0,0.0,0.0,kotter
CMW,U08Q5F2751Q,Sloppy Joe,13,2025-10-13,2025-04-28,1.0,0.0,2.0,2.0,2.0,6.0,0.0,0.0,0.0,0.0,0.0,0.0,0.0,active
CMW,U077P32K58V,Dilbert,5,2024-12-02,2024-11-04,0.0,0.0,0.0,0.0,0.0,0.0,0.0,0.0,0.0,0.0,2.0,3.0,0.0,nonkotter
CMW,U08R9BQBA31,Supply Chain (F3N),1,2025-05-12,2025-05-12,0.0,0.0,0.0,0.0,0.0,1.0,0.0,0.0,0.0,0.0,0.0,0.0,0.0,kotter
CMW,U092XRU1APQ,Uber Eats,3,2025-07-17,2025-06-25,0.0,0.0,0.0,3.0,0.0,0.0,0.0,0.0,0.0,0.0,0.0,0.0,0.0,kotter
CMW,U0803FBSMKJ,Lighthouse,2,2024-11-11,2024-11-06,0.0,0.0,0.0,0.0,0.0,0.0,0.0,0.0,0.0,0.0,0.0,2.0,0.0,nonkotter
CMW,U07NW97NQAD,Peashooter,2,2024-11-11,2024-11-04,0.0,0.0,0.0,0.0,0.0,0.0,0.0,0.0,0.0,0.0,0.0,2.0,0.0,nonkotter
CMW,U0900J57THU,Test Tube,1,2025-08-04,2025-08-04,0.0,0.0,1.0,0.0,0.0,0.0,0.0,0.0,0.0,0.0,0.0,0.0,0.0,kotter
CMW,U077AL0MLM7,Jane Doe ( F3 Kankakee),2,2024-11-27,2024-10-21,0.0,0.0,0.0,0.0,0.0,0.0,0.0,0.0,0.0,0.0,1.0,0.0,1.0,nonkotter
CMW,U077GPUC3HA,Broomstick (F3 Plainfield),1,2024-11-04,2024-11-04,0.0,0.0,0.0,0.0,0.0,0.0,0.0,0.0,0.0,0.0,0.0,1.0,0.0,nonkotter
CMW,U07PCK40FMG,Jay Leno,1,2024-12-18,2024-12-18,0.0,0.0,0.0,0.0,0.0,0.0,0.0,0.0,0.0,0.0,1.0,0.0,0.0,nonkotter
CMW,U09C4U5FAP7,Dingo,2,2025-09-03,2025-08-27,0.0,2.0,0.0,0.0,0.0,0.0,0.0,0.0,0.0,0.0,0.0,0.0,0.0,kotter
CMW,U09D1U2RN2V,Garbage picker,8,2025-10-18,2025-08-30,4.0,4.0,0.0,0.0,0.0,0.0,0.0,0.0,0.0,0.0,0.0,0.0,0.0,active
CMW,U09DYB25F35,Heisenberg,1,2025-09-08,2025-09-08,0.0,1.0,0.0,0.0,0.0,0.0,0.0,0.0,0.0,0.0,0.0,0.0,0.0,kotter
CMW,U08SLAN31CY,Hodl (F3 Plainfield ),2,2025-10-18,2025-09-29,2.0,0.0,0.0,0.0,0.0,0.0,0.0,0.0,0.0,0.0,0.0,0.0,0.0,active
CMW,U09CLJ965JM,Clown Car (F3K3/Southsid3),1,2025-09-29,2025-09-29,1.0,0.0,0.0,0.0,0.0,0.0,0.0,0.0,0.0,0.0,0.0,0.0,0.0,active
CMW,U09D0QJQTE3,Lot lizard,2,2025-09-29,2025-09-06,1.0,1.0,0.0,0.0,0.0,0.0,0.0,0.0,0.0,0.0,0.0,0.0,0.0,active
CMW,U08UKJU3JDV,Detonator,3,2025-06-23,2025-06-09,0.0,0.0,0.0,1.0,2.0,0.0,0.0,0.0,0.0,0.0,0.0,0.0,0.0,kotter
CMW,U08RTNML6RZ,Pelosi,1,2025-06-23,2025-06-23,0.0,0.0,0.0,1.0,0.0,0.0,0.0,0.0,0.0,0.0,0.0,0.0,0.0,kotter
CMW,U078CPZ9449,Sunshine (F3 Kankakee),2,2025-08-13,2024-11-27,0.0,0.0,1.0,0.0,0.0,0.0,0.0,0.0,0.0,0.0,1.0,0.0,0.0,kotter
CMW,U07628CTZGA,Pull-up (Plainfield),1,2024-12-18,2024-12-18,0.0,0.0,0.0,0.0,0.0,0.0,0.0,0.0,0.0,0.0,1.0,0.0,0.0,nonkotter
CMW,U07648HGKT6,Blinky,2,2025-10-18,2024-12-18,1.0,0.0,0.0,0.0,0.0,0.0,0.0,0.0,0.0,0.0,1.0,0.0,0.0,active
CMW,U08SJ7AMN79,Great Clips,5,2025-10-11,2025-08-30,2.0,3.0,0.0,0.0,0.0,0.0,0.0,0.0,0.0,0.0,0.0,0.0,0.0,active
CMW,U092MJ2UHGW,McGruber - Southsid3,2,2025-07-09,2025-07-02,0.0,0.0,0.0,2.0,0.0,0.0,0.0,0.0,0.0,0.0,0.0,0.0,0.0,kotter
CMW,U0945KKGCTU,YANNI,1,2025-08-16,2025-08-16,0.0,0.0,1.0,0.0,0.0,0.0,0.0,0.0,0.0,0.0,0.0,0.0,0.0,kotter
CMW,U07DXPTR708,BAMBINO,1,2025-09-06,2025-09-06,0.0,1.0,0.0,0.0,0.0,0.0,0.0,0.0,0.0,0.0,0.0,0.0,0.0,kotter
CMW,U07D2BDRHCN,Hanger,1,2025-10-11,2025-10-11,1.0,0.0,0.0,0.0,0.0,0.0,0.0,0.0,0.0,0.0,0.0,0.0,0.0,active
CMW,U09F7LXRKT6,FrontLoader,1,2025-09-27,2025-09-27,1.0,0.0,0.0,0.0,0.0,0.0,0.0,0.0,0.0,0.0,0.0,0.0,0.0,active
CMW,U09JJ2XPRKK,Hot Pocket,2,2025-10-18,2025-10-04,2.0,0.0,0.0,0.0,0.0,0.0,0.0,0.0,0.0,0.0,0.0,0.0,0.0,active
CMW,U09EZ65HG1Z,Mr. Rogers,5,2025-10-16,2025-09-25,5.0,0.0,0.0,0.0,0.0,0.0,0.0,0.0,0.0,0.0,0.0,0.0,0.0,active
CMW,U09C4BGKUU9,Uncle Ted,1,2025-10-18,2025-10-18,1.0,0.0,0.0,0.0,0.0,0.0,0.0,0.0,0.0,0.0,0.0,0.0,0.0,active
CMW,U09FG9HGN6M,Walleye,1,2025-10-18,2025-10-18,1.0,0.0,0.0,0.0,0.0,0.0,0.0,0.0,0.0,0.0,0.0,0.0,0.0,active