date,region,ao_id,q_user_id,user_id,Current Post Count
2026-01-02,f3crossroads,C017CTS0UQG,U04RBT6T8RJ,U016M1Z8NLE,1
2026-01-02,f3crossroads,C017CTS0UQG,U04RBT6T8RJ,U017QPPJVJ5,1
2026-01-02,f3crossroads,C017CTS0UQG,U04RBT6T8RJ,U01KXPKDF97,1
2026-01-02,f3crossroads,C017CTS0UQG,U04RBT6T8RJ,U020A3PMS14,1
2026-01-02,f3crossroads,C017CTS0UQG,U04RBT6T8RJ,U03SX99V3PU,1
2026-01-02,f3crossroads,C017CTS0UQG,U04RBT6T8RJ,U03TYSW2933,1
2026-01-02,f3crossroads,C017CTS0UQG,U04RBT6T8RJ,U040R8S1N6P,1
2026-01-02,f3crossroads,C017CTS0UQG,U04RBT6T8RJ,U041R4GK79V,1
2026-01-02,f3crossroads,C017CTS0UQG,U04RBT6T8RJ,U04Q01BPTPE,1
2026-01-02,f3crossroads,C017CTS0UQG,U04RBT6T8RJ,U04RBT6T8RJ,1
2026-01-02,f3crossroads,C017CTS0UQG,U04RBT6T8RJ,U05TUKL5N87,1
2026-01-02,f3crossroads,C017CTS0UQG,U04RBT6T8RJ,U06A1RN2DQF,1
2026-01-02,f3crossroads,C017CTS0UQG,U04RBT6T8RJ,U06GZ8ECZC5,1
2026-01-02,f3crossroads,C017CTS0UQG,U04RBT6T8RJ,U087CHQLZ7B,1
2026-01-03,f3crossroads,C017KB6LEP7,U0171K8109F,U016890PYHM,1
2026-01-03,f3crossroads,C017KB6LEP7,U0171K8109F,U0171K8109F,1
2026-01-01,f3crossroads,C017KB6LEP7,U071GSVM24B,U03KKAHVC8J,1
2026-01-01,f3crossroads,C017KB6LEP7,U071GSVM24B,U071GSVM24B,1
2026-01-02,f3crossroads,C017KB6LEP7,U071GSVM24B,U071GSVM24B,1
2026-01-02,f3crossroads,C017KB6LEP7,U080FGLKUH5,U080FGLKUH5,1
2026-01-01,f3crossroads,C017KB6LEP7,USLACKBOT,U016890PYHM,1
2026-01-02,f3crossroads,C017KB6LEP7,USLACKBOT,U016890PYHM,1
2026-01-03,f3crossroads,C017KB6LEP7,USLACKBOT,U016890PYHM,1
2026-01-01,f3crossroads,C017KB6LEP7,USLACKBOT,USLACKBOT,1
2026-01-02,f3crossroads,C017KB6LEP7,USLACKBOT,USLACKBOT,1
2026-01-03,f3crossroads,C017KB6LEP7,USLACKBOT,USLACKBOT,1
2026-01-02,f3crossroads,C02A0HGC4PR,U017QPPJVJ5,U016M1Z8NLE,1
2026-01-02,f3crossroads,C02A0HGC4PR,U017QPPJVJ5,U016ZUU67BN,1
2026-01-02,f3crossroads,C02A0HGC4PR,U017QPPJVJ5,U0171KQRB6D,1
2026-01-02,f3crossroads,C02A0HGC4PR,U017QPPJVJ5,U017BQTUL3D,1
2026-01-02,f3crossroads,C02A0HGC4PR,U017QPPJVJ5,U017QPPJVJ5,1
2026-01-02,f3crossroads,C02A0HGC4PR,U017QPPJVJ5,U02A96W697X,1
2026-01-02,f3crossroads,C02A0HGC4PR,U017QPPJVJ5,U02KN9HUSE6,1
2026-01-02,f3crossroads,C02A0HGC4PR,U017QPPJVJ5,U03765UPB8C,1
2026-01-02,f3crossroads,C02A0HGC4PR,U017QPPJVJ5,U03SX99V3PU,1
2026-01-02,f3crossroads,C02A0HGC4PR,U017QPPJVJ5,U03TX17L7AQ,1
2026-01-02,f3crossroads,C02A0HGC4PR,U017QPPJVJ5,U048GCZ7GBY,1
2026-01-02,f3crossroads,C02A0HGC4PR,U017QPPJVJ5,U051330RY2J,1
2026-01-02,f3crossroads,C02A0HGC4PR,U017QPPJVJ5,U05LL7ESE79,1
2026-01-02,f3crossroads,C02A0HGC4PR,U017QPPJVJ5,U061CBW96MA,1
2026-01-02,f3crossroads,C02A0HGC4PR,U017QPPJVJ5,U098XEDSKJN,1
2026-01-01,f3crossroads,C02A0HGC4PR,U056VUVJ63D,U016M1Z8NLE,1
2026-01-01,f3crossroads,C02A0HGC4PR,U056VUVJ63D,U016ZUU67BN,1
2026-01-01,f3crossroads,C02A0HGC4PR,U056VUVJ63D,U02NST5BMKJ,1
2026-01-01,f3crossroads,C02A0HGC4PR,U056VUVJ63D,U03EPDEKY4U,1
2026-01-01,f3crossroads,C02A0HGC4PR,U056VUVJ63D,U056VUVJ63D,1
2026-01-01,f3crossroads,C02A0HGC4PR,U056VUVJ63D,U05LL7ESE79,1
2026-01-01,f3crossroads,C02A0HGC4PR,U056VUVJ63D,U08TD9DD6M6,1
2026-01-02,f3crossroads,C02AC8PS1T7,U04H3PWJN5A,U02NST5BMKJ,1
2026-01-02,f3crossroads,C02AC8PS1T7,U04H3PWJN5A,U04H3PWJN5A,1
2026-01-02,f3crossroads,C02AC8PS1T7,U04H3PWJN5A,U05ULCL3806,1
2026-01-02,f3crossroads,C02AC8PS1T7,U04H3PWJN5A,U07RD0ACG80,1
2026-01-02,f3crossroads,C02AC8PS1T7,U04H3PWJN5A,U09D5VDKC85,1
2026-01-01,f3crossroads,C02AC8PS1T7,U071GSVM24B,U071GSVM24B,1
2026-01-01,f3crossroads,C02AC8PS1T7,U071GSVM24B,U07RD0ACG80,1
2026-01-03,f3crossroads,C02AC8PS1T7,U07RD0ACG80,U02KN9HUSE6,1
2026-01-03,f3crossroads,C02AC8PS1T7,U07RD0ACG80,U04H3PWJN5A,1
2026-01-03,f3crossroads,C02AC8PS1T7,U07RD0ACG80,U05LL7ESE79,1
2026-01-03,f3crossroads,C02AC8PS1T7,U07RD0ACG80,U05ULCL3806,1
2026-01-03,f3crossroads,C02AC8PS1T7,U07RD0ACG80,U06GZE2D66R,1
2026-01-03,f3crossroads,C02AC8PS1T7,U07RD0ACG80,U07RD0ACG80,1
2026-01-03,f3crossroads,C02AC8PS1T7,U07RD0ACG80,U098XEDSKJN,1
2026-01-03,f3crossroads,C02AC8PS1T7,U07RD0ACG80,U0995LDSXNC,1
2026-01-03,f3crossroads,C02B4U0M71N,U016V6KHM36,U016M1Z8NLE,1
2026-01-03,f3crossroads,C02B4U0M71N,U016V6KHM36,U016V6KHM36,1
2026-01-03,f3crossroads,C02B4U0M71N,U016V6KHM36,U016ZUU67BN,1
2026-01-03,f3crossroads,C02B4U0M71N,U016V6KHM36,U0171KQRB6D,1
2026-01-03,f3crossroads,C02B4U0M71N,U016V6KHM36,U02A96W697X,1
2026-01-03,f3crossroads,C02B4U0M71N,U016V6KHM36,U02F2UV0MCL,1
2026-01-03,f3crossroads,C02B4U0M71N,U016V6KHM36,U02KN9HUSE6,1
2026-01-03,f3crossroads,C02B4U0M71N,U016V6KHM36,U03765UPB8C,1
2026-01-03,f3crossroads,C02B4U0M71N,U016V6KHM36,U03SX99V3PU,1
2026-01-03,f3crossroads,C02B4U0M71N,U016V6KHM36,U048GCZ7GBY,1
2026-01-03,f3crossroads,C02B4U0M71N,U016V6KHM36,U04H3PWJN5A,1
2026-01-03,f3crossroads,C02B4U0M71N,U016V6KHM36,U05LL7ESE79,1
2026-01-03,f3crossroads,C02B4U0M71N,U016V6KHM36,U05ULCL3806,1
2026-01-03,f3crossroads,C02B4U0M71N,U016V6KHM36,U06H3QB4KMY,1
2026-01-03,f3crossroads,C02B4U0M71N,U016V6KHM36,U07GJC6UG1Z,1
2026-01-03,f3crossroads,C02B4U0M71N,U016V6KHM36,U09D5VDKC85,1
2026-01-01,f3crossroads,C02B4U0M71N,U05TUKL5N87,U016ZUU67BN,1
2026-01-01,f3crossroads,C02B4U0M71N,U05TUKL5N87,U02H51CJS30,1
2026-01-01,f3crossroads,C02B4U0M71N,U05TUKL5N87,U05TUKL5N87,1
2026-01-01,f3crossroads,C02B4U0M71N,U05TUKL5N87,U06H3QB4KMY,1
2026-01-02,f3crossroads,C02B4U0M71N,U0995LDSXNC,U040R8S1N6P,1
2026-01-02,f3crossroads,C02B4U0M71N,U0995LDSXNC,U07GJC6UG1Z,1
2026-01-02,f3crossroads,C02B4U0M71N,U0995LDSXNC,U0995LDSXNC,1
2026-01-01,f3crossroads,C02DNLUQN9Y,U070NTWF7G8,U018098KAAC,1
2026-01-01,f3crossroads,C02DNLUQN9Y,U070NTWF7G8,U048GCZ7GBY,1
2026-01-01,f3crossroads,C02DNLUQN9Y,U070NTWF7G8,U06K8PKQGA1,1
2026-01-01,f3crossroads,C02DNLUQN9Y,U070NTWF7G8,U070NTWF7G8,1
2026-01-03,f3crossroads,C0329PXMA6T,U03KV19V5JS,U020A3PMS14,1
2026-01-03,f3crossroads,C0329PXMA6T,U03KV19V5JS,U03KV19V5JS,1
2026-01-03,f3crossroads,C0329PXMA6T,U03KV19V5JS,U041R4GK79V,1
2026-01-03,f3crossroads,C0329PXMA6T,U03KV19V5JS,U06A1RN2DQF,1
2026-01-03,f3crossroads,C0329PXMA6T,U03KV19V5JS,U06GZ8ECZC5,1
2026-01-03,f3crossroads,C0329PXMA6T,U03KV19V5JS,U06J46ZTPEZ,1
2026-01-03,f3crossroads,C0329PXMA6T,U03KV19V5JS,U06K8PKQGA1,1
2026-01-03,f3crossroads,C0329PXMA6T,U03KV19V5JS,U09AH747KEF,1
2026-01-03,f3crossroads,C0329PXMA6T,U03KV19V5JS,U09EZ6NN6HH,1
2026-01-03,f3crossroads,C0329PXMA6T,U03T43SBJNA,U0194BS66MQ,1
2026-01-03,f3crossroads,C0329PXMA6T,U03T43SBJNA,U020A3PMS14,1
2026-01-03,f3crossroads,C0329PXMA6T,U03T43SBJNA,U03KV19V5JS,1
2026-01-03,f3crossroads,C0329PXMA6T,U03T43SBJNA,U03T43SBJNA,1
2026-01-03,f3crossroads,C0329PXMA6T,U03T43SBJNA,U041R4GK79V,1
2026-01-03,f3crossroads,C0329PXMA6T,U03T43SBJNA,U041T99TNTC,1
2026-01-03,f3crossroads,C0329PXMA6T,U03T43SBJNA,U056VUVJ63D,1
2026-01-03,f3crossroads,C0329PXMA6T,U03T43SBJNA,U06GZ8ECZC5,1
2026-01-03,f3crossroads,C0329PXMA6T,U03T43SBJNA,U06J46ZTPEZ,1
2026-01-03,f3crossroads,C0329PXMA6T,U03T43SBJNA,U06K8PKQGA1,1
2026-01-03,f3crossroads,C0329PXMA6T,U03T43SBJNA,U07UKT9J213,1
2026-01-03,f3crossroads,C0329PXMA6T,U03T43SBJNA,U081JKWAR33,1
2026-01-03,f3crossroads,C0329PXMA6T,U03T43SBJNA,U090GAA7QE6,1
2026-01-03,f3crossroads,C0329PXMA6T,U03T43SBJNA,U09AH747KEF,1
2026-01-03,f3crossroads,C0329PXMA6T,U03T43SBJNA,U09EZ6NN6HH,1
2026-01-02,f3crossroads,C0329PXMA6T,U06A1RN2DQF,U017Q7Q4CSD,1
2026-01-02,f3crossroads,C0329PXMA6T,U06A1RN2DQF,U03KV19V5JS,1
2026-01-02,f3crossroads,C0329PXMA6T,U06A1RN2DQF,U041T99TNTC,1
2026-01-02,f3crossroads,C0329PXMA6T,U06A1RN2DQF,U06A1RN2DQF,1
2026-01-02,f3crossroads,C0329PXMA6T,U06A1RN2DQF,U06GZ8ECZC5,1
2026-01-02,f3crossroads,C0329PXMA6T,U06A1RN2DQF,U06K8PKQGA1,1
2026-01-02,f3crossroads,C0329PXMA6T,U06A1RN2DQF,U077RQMTNG3,1
2026-01-02,f3crossroads,C0329PXMA6T,U06A1RN2DQF,U09AH747KEF,1
2026-01-02,f3crossroads,C0329PXMA6T,U06A1RN2DQF,U09BBJ81140,1
2026-01-02,f3crossroads,C04PLDCTSJV,U019Y7P6XPF,U018098KAAC,1
2026-01-02,f3crossroads,C04PLDCTSJV,U019Y7P6XPF,U019Y7P6XPF,1
2026-01-02,f3crossroads,C04PLDCTSJV,U019Y7P6XPF,U02H51CJS30,1
2026-01-02,f3crossroads,C04PLDCTSJV,U019Y7P6XPF,U02NBKHN3NK,1
2026-01-02,f3crossroads,C04PLDCTSJV,U019Y7P6XPF,U05C8DP6YS0,1
2026-01-02,f3crossroads,C04PLDCTSJV,U019Y7P6XPF,U05QD3D6ZK7,1
2026-01-02,f3crossroads,C04PLDCTSJV,U019Y7P6XPF,U070NTWF7G8,1
2026-01-02,f3crossroads,C04PLDCTSJV,U019Y7P6XPF,U087CHQLZ7B,1
2026-01-02,f3crossroads,C04PLDCTSJV,U019Y7P6XPF,U08QBC4F5C3,1
2026-01-02,f3crossroads,C04PLDCTSJV,U019Y7P6XPF,U09U2DZRCU9,1
2026-01-03,f3crossroads,C05H4DHU3HC,U016V6KHM36,U016M1Z8NLE,1
2026-01-03,f3crossroads,C05H4DHU3HC,U016V6KHM36,U016V6KHM36,1
2026-01-03,f3crossroads,C05H4DHU3HC,U016V6KHM36,U0171KQRB6D,1
2026-01-03,f3crossroads,C05H4DHU3HC,U016V6KHM36,U020A7W78FQ,1
2026-01-03,f3crossroads,C05H4DHU3HC,U016V6KHM36,U02F2UV0MCL,1
2026-01-03,f3crossroads,C05H4DHU3HC,U016V6KHM36,U02KN9HUSE6,1
2026-01-03,f3crossroads,C05H4DHU3HC,U016V6KHM36,U03765UPB8C,1
2026-01-03,f3crossroads,C05H4DHU3HC,U016V6KHM36,U03SX99V3PU,1
2026-01-03,f3crossroads,C05H4DHU3HC,U016V6KHM36,U048GCZ7GBY,1
2026-01-03,f3crossroads,C05H4DHU3HC,U016V6KHM36,U05LL7ESE79,1
2026-01-03,f3crossroads,C05H4DHU3HC,U016V6KHM36,U05ULCL3806,1
2026-01-03,f3crossroads,C05H4DHU3HC,U016V6KHM36,U06H3QB4KMY,1
2026-01-03,f3crossroads,C05H4DHU3HC,U016V6KHM36,U07GJC6UG1Z,1
2026-01-01,f3crossroads,C06SUFPUNTZ,U06K8PKQGA1,U05ULCL3806,1
2026-01-01,f3crossroads,C06SUFPUNTZ,U06K8PKQGA1,U065EML70E5,1
2026-01-01,f3crossroads,C06SUFPUNTZ,U06K8PKQGA1,U06GZ8ECZC5,1
2026-01-01,f3crossroads,C06SUFPUNTZ,U06K8PKQGA1,U06GZE2D66R,1
2026-01-01,f3crossroads,C06SUFPUNTZ,U06K8PKQGA1,U06K8PKQGA1,1
2026-01-01,f3crossroads,C0A5TV3KTPH,U016V6KHM36,U016V6KHM36,1
2026-01-02,f3crossroads,C0A5TV3KTPH,U016V6KHM36,U016V6KHM36,1
2026-01-03,f3crossroads,C0A5TV3KTPH,U016V6KHM36,U016V6KHM36,1
2026-01-01,f3crossroads,C0A5TV3KTPH,U0171K8109F,U0171K8109F,1
2026-01-01,f3crossroads,C0A5TV3KTPH,U0171K8109F,U05ULCL3806,1
2026-01-01,f3crossroads,C0A5TV3KTPH,U018098KAAC,U018098KAAC,1
2026-01-02,f3crossroads,C0A5TV3KTPH,U018098KAAC,U018098KAAC,1
2026-01-01,f3crossroads,C0A5TV3KTPH,U018098KAAC,U06K8PKQGA1,1
2026-01-03,f3crossroads,C0A5TV3KTPH,U02A96W697X,U02A96W697X,1
2026-01-02,f3crossroads,C0A5TV3KTPH,U02H51CJS30,U02H51CJS30,1
2026-01-02,f3crossroads,C0A5TV3KTPH,U03765UPB8C,U03765UPB8C,1
2026-01-03,f3crossroads,C0A5TV3KTPH,U03765UPB8C,U03765UPB8C,1
2026-01-01,f3crossroads,C0A5TV3KTPH,U041ATZKYR3,U018098KAAC,1
2026-01-01,f3crossroads,C0A5TV3KTPH,U041ATZKYR3,U041ATZKYR3,1
2026-01-02,f3crossroads,C0A5TV3KTPH,U051330RY2J,U03TX17L7AQ,1
2026-01-02,f3crossroads,C0A5TV3KTPH,U051330RY2J,U048GCZ7GBY,1
2026-01-02,f3crossroads,C0A5TV3KTPH,U051330RY2J,U051330RY2J,1
2026-01-01,f3crossroads,C0A5TV3KTPH,U05ULCL3806,U05ULCL3806,1
2026-01-02,f3crossroads,C0A5TV3KTPH,U05ULCL3806,U05ULCL3806,1
2026-01-03,f3crossroads,C0A5TV3KTPH,U05ULCL3806,U05ULCL3806,1
2026-01-02,f3crossroads,C0A5TV3KTPH,U09U2DZRCU9,U09U2DZRCU9,1