week,team,user,week total,ec,1stf,ATW,6pack,3rdf,Donation,qs,2ndf,popup,WO Q,QS Q,ao_list
1,Comet,Dauber,137,18,70,5,21,5,3,5,5,3,1,1,"black-diamond, da-grizz, el-coyote, the-colosseum, the-olympiad"
0,Dasher,Dog House,125,18,62,5,18,5,3,5,5,3,,1,"black-diamond, el-coyote, the-colosseum, the-olympiad, the-ridge"
1,Comet,Meta,121,15,60,5,18,5,3,5,5,3,1,1,"da-grizz, el-coyote, the-colosseum, the-olympiad, the-ridge"
0,Comet,Dauber,116,18,57,5,16,5,3,5,5,,1,1,"black-diamond, da-grizz, el-coyote, the-colosseum, the-olympiad"
1,Dasher,Dog House,104,15,52,,15,5,3,5,5,3,1,,"black-diamond, el-coyote, the-colosseum, the-olympiad"
0,Prancer,Spit Valve,97,18,42,5,12,5,3,5,5,,1,1,"el-coyote, the-colosseum, the-grove, the-olympiad, the-ridge"
1,Comet,Hot Lava,95,18,42,5,12,5,3,5,5,,,,"black-rock, el-coyote, the-colosseum, the-olympiad, the-silo"
0,Comet,Manhole,94,18,39,5,11,5,3,5,5,3,,,"black-rock, da-grizz, el-coyote, the-colosseum, the-grove, the-olympiad"
1,Prancer,Hank Hill,94,18,39,5,11,5,3,5,5,3,,,"da-grizz, el-coyote, ravens-nest, the-colosseum, the-olympiad, the-silo"
0,Comet,Hot Lava,91,18,39,5,11,5,3,5,5,,,,"black-rock, da-grizz, el-coyote, the-colosseum, the-grove, the-olympiad"
1,Prancer,Nemo,90,18,36,5,10,5,3,5,5,3,,,"black-rock, da-grizz, el-coyote, ravens-nest, the-colosseum, the-olympiad, the-silo"
0,Comet,Meta,88,18,36,5,10,5,3,5,5,,1,,"da-grizz, el-coyote, the-colosseum, the-grove, the-olympiad"
0,Prancer,Hank Hill,85,15,36,5,10,5,3,5,5,,1,,"black-rock, el-coyote, ravens-nest, the-colosseum, the-olympiad, the-ridge, the-silo"
0,Dasher,Scratch and Dent,84,18,33,5,9,5,3,5,5,,1,,"da-grizz, el-coyote, the-colosseum, the-grove, the-ridge, the-silo"
1,Comet,Manhole,83,18,33,5,9,5,3,5,5,,,,"black-rock, el-coyote, the-colosseum, the-olympiad, the-silo"
1,Dancer,Pop-Tart,83,18,30,5,8,5,3,5,5,3,1,,"da-grizz, el-coyote, ravens-nest, the-colosseum, the-olympiad, the-ridge"
1,Comet,Bob Villa,81,6,37,5,10,5,3,5,5,3,1,1,"black-diamond, black-rock, da-grizz, el-coyote, the-colosseum, the-olympiad, the-silo"
1,Prancer,Spit Valve,80,18,27,5,7,5,3,5,5,3,1,1,"da-grizz, ravens-nest, the-colosseum, the-olympiad, the-silo"
1,Rudolph,Ricola,80,15,30,5,8,5,3,5,5,3,,1,"black-rock, da-grizz, el-coyote, ravens-nest, the-colosseum"
1,Dasher,Scratch and Dent,79,15,30,5,8,5,3,5,5,3,,,"el-coyote, ravens-nest, the-colosseum, the-grove, the-olympiad, the-silo"
1,Prancer,Depends (3rdF Q),79,15,30,5,8,5,3,5,5,3,,,"black-rock, da-grizz, el-coyote, ravens-nest, the-olympiad, the-silo"
0,Dancer,Hodl,77,18,30,5,8,5,3,5,,3,,,"black-rock, da-grizz, el-coyote, the-grove, the-olympiad, the-ridge, the-silo"
1,Dancer,Ricochet,77,18,30,5,8,5,3,5,,3,,,"da-grizz, el-coyote, ravens-nest, the-colosseum, the-olympiad, the-ridge"
1,Dancer,Hodl,76,18,24,5,6,5,3,5,5,3,1,1,"da-grizz, el-coyote, the-colosseum, the-olympiad, the-ridge, the-silo"
1,Dancer,Cutler,75,18,24,5,6,5,3,5,5,3,1,,"da-grizz, ravens-nest, the-colosseum, the-olympiad, the-ridge"
0,Rudolph,Ricola,75,18,24,5,6,5,3,5,5,3,1,,"black-rock, da-grizz, ravens-nest, the-colosseum, the-ridge"
0,Dancer,Cutler,70,18,21,5,5,5,3,5,5,3,,,"black-rock, da-grizz, the-grove, the-olympiad, the-ridge, the-silo"
0,Dancer,Pop-Tart,69,15,24,5,6,5,3,5,5,,,1,"black-rock, da-grizz, el-coyote, the-colosseum, the-silo"
1,Prancer,Boomer,68,15,21,5,5,5,3,5,5,3,1,,"da-grizz, el-coyote, ravens-nest, the-colosseum, the-grove"
1,Donner,Chum Bucket,66,10,24,5,6,5,3,5,5,3,,,"black-rock, ravens-nest, the-colosseum, the-grove, the-ridge"
0,Comet,Peterbilt,64,6,27,5,7,5,3,5,5,,1,,"black-rock, da-grizz, el-coyote, the-colosseum, the-grove, the-olympiad"
0,Prancer,Depends (3rdF Q),64,14,21,5,5,5,3,5,5,,,1,"black-rock, da-grizz, ravens-nest, the-olympiad, the-ridge, the-silo"
0,Donner,Chum Bucket,63,11,21,5,5,5,3,5,5,3,,,"black-rock, el-coyote, the-colosseum, the-olympiad, the-ridge"
0,Prancer,Nemo,62,12,21,5,5,5,,5,5,3,1,,"black-rock, el-coyote, the-colosseum, the-grove, the-silo"
1,Rudolph,Foreclosure,62,18,19,5,4,,3,5,5,3,,,"black-rock, ravens-nest, the-colosseum, the-olympiad, the-ridge"
1,Dancer,Sparky,61,9,24,,6,5,3,5,5,3,1,,"da-grizz, el-coyote, the-olympiad"
0,Prancer,Boomer,58,13,18,5,4,5,,5,5,3,,,"da-grizz, el-coyote, ravens-nest, the-colosseum, the-grove"
1,Dancer,Foghorn,57,11,18,5,4,5,3,5,5,,1,,"da-grizz, the-colosseum, the-olympiad, the-ridge, the-silo"
1,Dancer,Phoenix,57,5,21,5,5,5,3,5,5,3,,,"black-rock, da-grizz, el-coyote, the-colosseum, the-olympiad, the-silo"
1,Donner,Storm Chaser,56,14,25,5,6,,3,,,3,,,"black-rock, ravens-nest, the-colosseum, the-olympiad, the-ridge"
1,Cupid,Soft Hands,55,12,18,5,4,5,3,,5,3,,,"black-rock, da-grizz, the-colosseum, the-olympiad, the-ridge"
0,Dancer,Ricochet,55,18,21,5,5,,3,,,3,,,"el-coyote, the-colosseum, the-grove, the-olympiad, the-ridge, the-silo"
1,Comet,Mahomes,54,6,24,,6,5,3,5,5,,,,"da-grizz, el-coyote, the-colosseum, the-olympiad"
1,Dancer,Waffle House,54,5,21,5,5,5,3,5,5,,,,"black-rock, da-grizz, el-coyote, the-colosseum, the-olympiad, the-silo"
1,Donner,Bedpan,52,9,18,5,4,,3,5,5,3,,,"black-rock, da-grizz, dmz, the-colosseum, the-olympiad, the-ridge"
1,Rudolph,Celine Dion,52,12,21,5,5,,,5,,3,1,,"black-rock, da-grizz, ravens-nest, the-grove, the-ridge"
1,Dancer,Cinderella,51,5,22,5,5,5,3,,5,,1,,"black-diamond, da-grizz, the-colosseum, the-olympiad, the-ridge"
1,Dancer,Dear Abby,51,9,21,5,5,,3,5,,3,,,"da-grizz, the-colosseum, the-olympiad, the-ridge, the-silo"
0,Rudolph,Ringo,51,,24,5,6,5,,5,5,,1,,"black-rock, da-grizz, el-coyote, ravens-nest, the-colosseum"
0,Comet,Bob Villa,50,7,20,5,4,,,5,5,3,1,,"black-diamond, el-coyote, the-colosseum, the-olympiad, the-ridge"
1,Prancer,Dilbert,50,9,15,5,,5,3,5,5,3,,,"black-rock, ravens-nest, the-olympiad, the-ridge, the-silo"
1,Prancer,YellowPages,50,3,21,5,5,,3,5,5,3,,,"black-rock, da-grizz, ravens-nest, the-colosseum, the-olympiad"
0,Dancer,Foghorn,48,12,18,,4,5,3,5,,,1,,"da-grizz, the-olympiad, the-ridge, the-silo"
0,Donner,Bedpan,48,7,21,5,5,,,5,5,,,,"black-rock, da-grizz, the-colosseum, the-olympiad, the-ridge"
1,Vixen,Dilly Dilly,48,11,22,5,5,,,5,,,,,"black-diamond, dmz, the-colosseum, the-grove, the-ridge"
1,Prancer,Tinfoil,47,9,24,5,6,,3,,,,,,"black-rock, da-grizz, ravens-nest, the-olympiad, the-silo"
0,Donner,Storm Chaser,45,8,20,5,4,,,5,,3,,,"black-diamond, black-rock, da-grizz, the-colosseum, the-ridge"
1,Rudolph,Napster,45,12,15,5,,,,5,5,3,,,"black-rock, da-grizz, the-colosseum, the-grove, the-olympiad"
0,Comet,Pull-up,44,9,16,5,,,3,5,5,,1,,"black-diamond, dmz, the-grove, the-ridge, the-silo"
0,Prancer,YellowPages,44,,18,,4,5,3,5,5,3,1,,"da-grizz, el-coyote, the-grove, the-olympiad"
0,Rudolph,Celine Dion,44,9,18,,4,5,,5,,3,,,"black-rock, da-grizz, ravens-nest, the-grove"
0,Prancer,Dilbert,42,9,12,,,5,3,5,5,3,,,"black-rock, ravens-nest, the-ridge, the-silo"
0,Prancer,Liberty Biberty,42,6,18,,4,,,5,5,3,1,,"black-rock, the-colosseum, the-grove, the-olympiad"
0,Rudolph,Napster,42,9,15,5,,,,5,5,3,,,"black-rock, da-grizz, the-colosseum, the-grove, the-olympiad"
1,Comet,Pull-up,41,12,16,5,,,3,5,,,,,"black-diamond, the-colosseum, the-grove, the-ridge, the-silo"
0,Dancer,Phoenix,41,3,18,,4,,3,5,5,3,,,"black-rock, el-coyote, the-olympiad, the-silo"
0,Dancer,Sparky,41,15,9,,,,3,5,5,3,1,,el-coyote
3,Prancer,Boomer,41,,21,5,5,,,5,5,,,,"da-grizz, el-coyote, ravens-nest, the-colosseum, the-grove"
1,Dasher,Trifecta,40,15,12,,,5,,,5,3,,,
1,Cupid,Sparkler,39,15,16,5,,,3,,,,,,"black-diamond, ravens-nest, the-colosseum, the-grove, the-ridge"
2,Prancer,Hank Hill,38,,22,5,5,,,5,,,,1,"black-diamond, da-grizz, el-coyote, ravens-nest, the-grove, the-olympiad"
3,Prancer,Hank Hill,37,,21,5,5,,,5,,,,1,"da-grizz, el-coyote, ravens-nest, the-colosseum, the-grove"
1,Prancer,Liberty Biberty,37,9,18,,4,,3,,,3,,,"da-grizz, ravens-nest, the-olympiad, the-silo"
0,Dasher,Doozie,36,9,18,,4,,,5,,,,,"black-rock, el-coyote, the-colosseum"
0,Donner,fuzzy navel,36,6,9,,,5,3,5,5,3,,,"da-grizz, el-coyote"
1,Donner,fuzzy navel,36,6,9,,,5,3,5,5,3,,,"da-grizz, el-coyote"
1,Rudolph,Ringo,35,6,12,,,,3,5,5,3,1,,"black-rock, el-coyote, the-colosseum"
0,Comet,Happy Camper,34,10,15,,,,3,5,,,1,,"da-grizz, the-colosseum, the-grove, the-ridge"
1,Comet,Peterbilt,34,,18,5,4,,3,,,3,1,,"da-grizz, el-coyote, the-colosseum, the-grove, the-ridge, the-silo"
3,Comet,Mahomes,33,,19,,4,,,5,5,,,,"black-diamond, the-colosseum, the-ridge"
0,Cupid,Sparkler,33,13,17,,,,,,,3,,,"black-diamond, the-colosseum, the-grove, the-ridge"
0,Dasher,Zimmer,33,3,9,,,5,3,5,5,3,,,"the-colosseum, the-ridge, the-silo"
3,Comet,Algorithm,32,,22,,5,,,5,,,,,"black-diamond, the-colosseum, the-grove, the-ridge"
0,Comet,Mahomes,32,6,6,,,5,3,5,5,,1,1,"el-coyote, the-ridge"
0,Cupid,Picasso,32,12,17,,,,,,,3,,,the-colosseum
2,Prancer,Boomer,32,,18,,4,,,5,5,,,,"da-grizz, el-coyote, ravens-nest"
1,Comet,Happy Camper,31,2,15,,,,,5,5,3,1,,"da-grizz, the-colosseum, the-grove, the-ridge"
1,Dasher,Doozie,31,6,9,,,,3,5,5,3,,,"black-rock, el-coyote, the-olympiad"
1,Donner,Mr. Kotter,31,3,22,,5,,,,,,1,,"black-diamond, the-colosseum, the-ridge"
0,Cupid,Soft Hands,30,9,13,,,,3,,5,,,,"black-rock, the-olympiad, the-ridge"
2,Dancer,Cutler,30,,20,,4,,,5,,,1,,"black-diamond, dmz, the-olympiad, the-silo"
1,Dasher,Jellystone,30,6,15,,,,3,,5,,1,,"da-grizz, el-coyote, the-colosseum, the-olympiad"
0,Dancer,Cinderella,29,3,15,,,,3,,5,3,,,"da-grizz, the-colosseum, the-ridge"
0,Dancer,Party in a bottle,29,9,12,,,,,,5,3,,,"black-rock, the-colosseum, the-olympiad, the-silo"
1,Blitzen,Schlitz,28,3,12,,,5,3,,5,,,,"da-grizz, the-grove"
1,Comet,DJ Sump Pump,28,,18,,4,,,5,,,1,,the-ridge
0,Rudolph,Foreclosure,28,8,9,,,,3,5,,3,,,"black-rock, the-ridge"
1,Dasher,Zimmer,27,3,9,,,5,,5,5,,,,"the-colosseum, the-grove, the-silo"
1,Comet,Tighty Whities,25,,15,,,,,5,5,,,,"black-rock, ravens-nest, the-colosseum, the-silo"
1,Dancer,Party in a bottle,25,9,12,,,,,,,3,1,,"the-colosseum, the-olympiad, the-ridge"
1,Prancer,Deliverance,25,,12,,,5,,,5,3,,,"da-grizz, ravens-nest, the-olympiad, the-silo"
1,Prancer,PFG,25,,18,,4,,3,,,,,,
2,Vixen,Broomstick,25,,20,,4,,,,,,1,,"black-diamond, the-grove, the-olympiad, the-ridge"
0,Blitzen,Schlitz,24,3,12,,,,3,,5,,1,,"da-grizz, the-colosseum, the-grove"
2,Vixen,Dilly Dilly,24,,19,,4,,,,,,1,,"black-diamond, the-colosseum, the-grove, the-ridge"
2,Donner,Mr. Kotter,23,,18,,4,,,,,,1,,"dmz, the-colosseum, the-grove, the-ridge"
0,Rudolph,Marinara,23,,19,,4,,,,,,,,black-rock
1,Vixen,Broomstick,23,6,14,,,,3,,,,,,"black-diamond, the-colosseum, the-ridge"
0,Comet,Pearl,22,,3,,,5,3,5,5,,1,,the-colosseum
0,Cupid,Caboose,22,,9,,,,3,5,5,,,,"the-colosseum, the-ridge"
1,Cupid,Picasso,22,9,13,,,,,,,,,,the-olympiad
4,Prancer,Boomer,22,,6,,,,,5,5,,,1,"el-coyote, the-colosseum"
4,Prancer,Hank Hill,22,,12,,,,,5,,,,,"black-rock, el-coyote, the-grove, the-silo"
1,Rudolph,Cowbell,22,,9,,,,,5,5,3,,,da-grizz
0,Rudolph,Underdog,22,9,13,,,,,,,,,,
3,Vixen,5-Putt,22,,18,,4,,,,,,,,"the-colosseum, the-ridge"
0,Vixen,Dilly Dilly,22,7,12,,,,,,,3,,,"da-grizz, the-ridge"
3,Blitzen,Schlitz,21,,15,,,,,,5,,1,,"da-grizz, the-colosseum, the-grove"
2,Comet,Pull-up,21,,16,,,,,5,,,,,"black-diamond, dmz, the-colosseum, the-grove"
0,Dancer,Dear Abby,21,6,12,,,,,,,3,,,"da-grizz, the-grove, the-ridge"
0,Dancer,Thesaurus,21,,12,,,,,5,,3,1,,"da-grizz, the-silo"
0,Dancer,TruGreen,21,,,,,5,3,5,5,3,,,
1,Dancer,TruGreen,21,,,,,5,3,5,5,3,,,
2,Blitzen,Schlitz,20,,15,,,,,,5,,,,"da-grizz, the-grove"
0,Comet,Choco Taco,20,6,6,,,,,5,,3,,,"el-coyote, the-grove"
0,Comet,DJ Sump Pump,20,,12,,,,,5,,3,,,the-ridge
0,Comet,Danica,20,,15,5,,,,,,,,,"el-coyote, the-colosseum, the-grove, the-olympiad, the-ridge"
2,Comet,Dauber,20,,15,,,,,5,,,,,"el-coyote, the-grove, the-olympiad, the-ridge"
0,Comet,Wing Stop (F3 Naperville),20,3,9,,,,3,,5,,,,the-ridge
1,Dancer,Thesaurus,20,,15,,,,,5,,,,,"black-rock, da-grizz, ravens-nest"
0,Dasher,Old Maid,20,,12,,,,,,5,3,,,"the-colosseum, the-silo"
0,Donner,Mr. Kotter,20,,15,,,,,,5,,,,"the-colosseum, the-ridge, the-silo"
1,Rudolph,Italian Ice,20,,15,,,,,,5,,,,"da-grizz, ravens-nest"
0,Dancer,Waffle House,19,,6,,,,3,5,5,,,,"the-olympiad, the-silo"
0,Dasher,Rooney,19,,16,,,,,,,3,,,
0,Dasher,UPS,19,,9,,,,,5,5,,,,da-grizz
2,Donner,Chum Bucket,19,,14,,,,,5,,,,,"black-diamond, black-rock, the-grove"
0,Donner,Corner Kick,19,4,9,,,,3,,,3,,,"the-colosseum, the-ridge"
1,Donner,Corner Kick,19,7,9,,,,3,,,,,,"dmz, the-grove, the-ridge"
0,Dasher,Jellystone,18,6,6,,,,,,5,,1,,"the-colosseum, the-ridge"
3,Donner,Bedpan,18,,12,,,,,,5,,1,,"black-rock, the-colosseum, the-grove, the-silo"
0,Donner,Juanita,18,3,9,,,,3,,,3,,,"the-colosseum, the-ridge, the-silo"
0,Prancer,PFG,18,,15,,,,3,,,,,,
0,Prancer,Tinfoil,18,6,12,,,,,,,,,,"ravens-nest, the-colosseum, the-grove, the-ridge"
1,Comet,Shankapotomus,17,,9,,,,,,5,3,,,"the-colosseum, the-grove, the-silo"
0,Comet,Tighty Whities,17,,12,,,,,5,,,,,"da-grizz, the-colosseum, the-grove, the-olympiad"
2,Donner,Bedpan,17,,16,,,,,,,,1,,"black-diamond, the-ridge"
3,Donner,Hanger,17,,12,,,,,5,,,,,"the-colosseum, the-ridge, the-silo"
2,Prancer,Depends (3rdF Q),17,1,9,,,,,5,,,1,1,"black-rock, the-olympiad"
1,Prancer,The Vault,17,,6,,,,3,,5,3,,,da-grizz
2,Prancer,YellowPages,17,,12,,,,,5,,,,,"da-grizz, ravens-nest"
3,Rudolph,Foreclosure,17,,16,,,,,,,,1,,"black-diamond, da-grizz, the-colosseum, the-grove"
1,Comet,Pearl,16,,3,,,,,5,5,3,,,the-grove
3,Comet,Pull-up,16,,16,,,,,,,,,,"black-diamond, dmz, the-ridge, the-silo"
2,Cupid,Sparkler,16,,16,,,,,,,,,,"black-diamond, dmz, the-grove"
3,Cupid,Sparkler,16,,16,,,,,,,,,,"black-diamond, da-grizz, the-colosseum, the-grove"
3,Dancer,Hodl,16,,16,,,,,,,,,,"the-colosseum, the-ridge"
1,Dasher,Old Maid,16,,6,,,5,,,5,,,,"the-grove, the-silo"
3,Dasher,Zimmer,16,,9,,,,,5,,,1,1,"dmz, the-ridge"
3,Donner,Chum Bucket,16,,16,,,,,,,,,,"black-diamond, the-grove, the-ridge"
3,Donner,Mr. Kotter,16,,15,,,,,,,,1,,"the-colosseum, the-ridge"
0,Vixen,5-Putt,16,,15,,,,,,,,1,,the-ridge
1,Vixen,vern,16,4,12,,,,,,,,,,"the-colosseum, the-ridge"
3,Blitzen,Foundation,15,,9,,,,,5,,,1,,"the-grove, the-ridge, the-silo"
1,Blitzen,SkidMark,15,6,9,,,,,,,,,,"the-colosseum, the-grove"
1,Comet,Wing Stop (F3 Naperville),15,3,9,,,,3,,,,,,the-colosseum
1,Cupid,Duck Hunt,15,3,12,,,,,,,,,,"da-grizz, ravens-nest"
0,Dancer,HandsOn,15,,12,,,,3,,,,,,"black-rock, the-colosseum, the-olympiad"
2,Dasher,Scratch and Dent,15,,15,,,,,,,,,,"da-grizz, the-grove, the-ridge, the-silo"
0,Donner,Mr. Belding,15,6,9,,,,,,,,,,the-ridge
0,Prancer,Flo,15,6,9,,,,,,,,,,the-ridge
0,Rudolph,Backstreet,15,,9,,,,3,,,3,,,"black-rock, the-olympiad, the-ridge"
3,Rudolph,Napster,15,,15,,,,,,,,,,"da-grizz, the-colosseum, the-grove, the-olympiad"
1,Vixen,5-Putt,15,,15,,,,,,,,,,"the-colosseum, the-ridge"
1,Vixen,Blue Gill,15,,3,,,,3,,5,3,1,,the-silo
3,Vixen,Dilly Dilly,15,,15,,,,,,,,,,"the-colosseum, the-ridge"
3,Comet,Happy Camper,14,,9,,,,,5,,,,,"dmz, the-colosseum, the-ridge"
1,Comet,Six Sheets,14,,9,,,,,,5,,,,"black-rock, the-colosseum, the-grove"
0,Dancer,Martha Stewart,14,5,6,,,,3,,,,,,"da-grizz, the-ridge"
1,Dasher,Rooney,14,,9,,,,,,5,,,,
0,Dasher,Trifecta,14,9,,,,,,,5,,,,
2,Dasher,UPS,14,,9,,,,,5,,,,,da-grizz
0,Vixen,Scuba Steve,14,,9,,,,,5,,,,,"the-grove, the-olympiad, the-silo"
1,Vixen,Scuba Steve,14,,9,,,,,5,,,,,"ravens-nest, the-grove, the-olympiad"
0,Vixen,vern,14,2,12,,,,,,,,,,the-ridge
4,Comet,Pull-up,13,,12,,,,,,,,1,,"the-colosseum, the-ridge, the-silo"
0,Cupid,Singer,13,3,9,,,,,,,,1,,"the-colosseum, the-olympiad"
4,Cupid,Sparkler,13,,13,,,,,,,,,,"black-diamond, black-rock, the-colosseum, the-silo"
2,Dancer,Hodl,13,,13,,,,,,,,,,"black-diamond, da-grizz, the-ridge"
2,Dancer,Party in a bottle,13,,12,,,,,,,,1,,the-colosseum
2,Dancer,Sparky,13,,12,,,,,,,,1,,"da-grizz, el-coyote"
1,Donner,Juanita,13,,13,,,,,,,,,,"black-diamond, the-colosseum, the-ridge, the-silo"
1,Donner,Mr. Belding,13,3,9,,,,,,,,1,,"the-colosseum, the-ridge"
2,Prancer,Dilbert,13,,12,,,,,,,,1,,"the-grove, the-ridge"
1,Prancer,Flo,13,4,9,,,,,,,,,,"the-colosseum, the-grove, the-ridge"
2,Rudolph,Foreclosure,13,,13,,,,,,,,,,"black-diamond, the-olympiad, the-silo"
2,Rudolph,Slapshot,13,,12,,,,,,,,1,,"da-grizz, ravens-nest"
2,Vixen,5-Putt,13,,12,,,,,,,,1,,the-ridge
1,Blitzen,Just Dance,12,6,6,,,,,,,,,,"the-colosseum, the-ridge"
1,Blitzen,Kidney Beans,12,3,9,,,,,,,,,,"the-colosseum, the-grove"
0,Blitzen,Pee Wee Herman,12,,12,,,,,,,,,,"black-rock, da-grizz, the-colosseum"
0,Blitzen,Xena- Warrior Princess,12,,6,,,,,5,,,1,,the-colosseum
1,Blitzen,Xena- Warrior Princess,12,,6,,,,,5,,,1,,the-colosseum
0,Comet,Heifer,12,,12,,,,,,,,,,"the-colosseum, the-grove, the-ridge"
0,Cupid,Bunker,12,,6,,,,,,5,,1,,the-colosseum
0,Cupid,Duck Hunt,12,,9,,,,,,,3,,,da-grizz
4,Cupid,Duck Hunt,12,,11,,,,,,,,1,,black-diamond
4,Dancer,Foghorn,12,,11,,,,,,,,1,,"black-diamond, the-silo"
1,Dancer,HandsOn,12,,6,,,,3,,,3,,,"the-colosseum, the-olympiad"
3,Dancer,Sparky,12,,12,,,,,,,,,,"el-coyote, the-colosseum, the-ridge"
2,Dancer,Thesaurus,12,,12,,,,,,,,,,"da-grizz, the-olympiad, the-silo"
0,Dasher,Norm,12,3,6,,,,,,,3,,,
2,Dasher,Zimmer,12,,6,,,,,5,,,1,,the-ridge
0,Donner,John Denver,12,6,6,,,,,,,,,,the-colosseum
2,Donner,Mr. Belding,12,,12,,,,,,,,,,the-ridge
2,Donner,fuzzy navel,12,,12,,,,,,,,,,"da-grizz, el-coyote"
1,Prancer,Circuit City,12,6,6,,,,,,,,,,"ravens-nest, the-colosseum"
2,Prancer,Spit Valve,12,,12,,,,,,,,,,"the-olympiad, the-ridge"
0,Rudolph,Slapshot,12,,12,,,,,,,,,,"da-grizz, ravens-nest"
4,Vixen,5-Putt,12,,12,,,,,,,,,,"the-colosseum, the-ridge"
1,Vixen,Fish Tape,12,,12,,,,,,,,,,"the-colosseum, the-grove, the-ridge"
0,Vixen,Stitch,12,3,9,,,,,,,,,,"the-colosseum, the-ridge"
1,Blitzen,Derailed,11,4,6,,,,,,,,1,,"dmz, the-grove"
3,Blitzen,Morticia,11,,6,,,,,5,,,,,"dmz, the-ridge"
4,Comet,Mahomes,11,,6,,,,,5,,,,,"the-ridge, the-silo"
1,Dasher,BABYMOMMA,11,3,,,,,,,5,3,,,
3,Prancer,The Worm,11,,6,,,,,5,,,,,"the-grove, the-silo"
1,Rudolph,Backstreet,11,,3,,,,3,,5,,,,the-ridge
0,Rudolph,BoilerUp,11,5,6,,,,,,,,,,"the-colosseum, the-ridge"
1,Rudolph,Folgers,11,,3,,,,,,5,3,,,da-grizz
0,Rudolph,Homer Simpson,11,,,,,5,3,,,3,,,
0,Vixen,Hackman,11,2,9,,,,,,,,,,the-ridge
2,Blitzen,Foundation,10,,9,,,,,,,,1,,"da-grizz, the-ridge"
4,Cupid,Bunker,10,,9,,,,,,,,1,,"black-rock, the-grove, the-silo"
3,Cupid,Duck Hunt,10,,9,,,,,,,,1,,"da-grizz, the-silo"
2,Cupid,Soft Hands,10,,10,,,,,,,,,,the-olympiad
3,Dancer,Cinderella,10,,9,,,,,,,,1,,"the-colosseum, the-ridge"
4,Dasher,Jellystone,10,,9,,,,,,,,1,,"black-rock, the-colosseum, the-grove"
4,Dasher,Scratch and Dent,10,,9,,,,,,,,1,,"the-ridge, the-silo"
3,Donner,Juanita,10,,9,,,,,,,,1,,"the-colosseum, the-ridge"
3,Prancer,Liberty Biberty,10,,9,,,,,,,,1,,"black-rock, the-olympiad, the-ridge"
3,Prancer,Nemo,10,,9,,,,,,,,1,,"black-rock, the-colosseum"
3,Prancer,Spit Valve,10,,9,,,,,,,,1,,"da-grizz, the-olympiad"
4,Prancer,Spit Valve,10,,10,,,,,,,,,,"black-diamond, dmz"
3,Rudolph,Celine Dion,10,,9,,,,,,,,1,,"da-grizz, ravens-nest"
0,Rudolph,Folgers,10,4,6,,,,,,,,,,da-grizz
0,Rudolph,Italian Ice,10,,10,,,,,,,,,,da-grizz
1,Rudolph,Underdog,10,,10,,,,,,,,,,
0,Vixen,Broomstick,10,3,7,,,,,,,,,,"black-diamond, the-ridge"
0,Blitzen,Kidney Beans,9,3,6,,,,,,,,,,"the-colosseum, the-grove"
0,Blitzen,Morticia,9,,9,,,,,,,,,,"dmz, the-ridge, the-silo"
1,Blitzen,Morticia,9,,9,,,,,,,,,,"dmz, the-colosseum"
1,Blitzen,Pee Wee Herman,9,,9,,,,,,,,,,"dmz, the-grove"
2,Blitzen,SkidMark,9,,9,,,,,,,,,,the-ridge
3,Blitzen,SkidMark,9,,9,,,,,,,,,,"the-grove, the-ridge"
3,Comet,Bob Villa,9,,9,,,,,,,,,,"the-colosseum, the-olympiad"
2,Comet,Danica,9,,9,,,,,,,,,,"the-colosseum, the-ridge"
2,Comet,Happy Camper,9,,9,,,,,,,,,,"the-olympiad, the-ridge"
0,Comet,Hatchet (Lizard Q),9,,9,,,,,,,,,,"da-grizz, the-colosseum"
2,Comet,Meta,9,,9,,,,,,,,,,"el-coyote, the-grove, the-ridge"
2,Cupid,Bunker,9,,9,,,,,,,,,,"the-colosseum, the-grove, the-ridge"
3,Cupid,Bunker,9,,9,,,,,,,,,,"the-ridge, the-silo"
3,Dancer,Cutler,9,,9,,,,,,,,,,"black-rock, dmz, the-colosseum"
4,Dancer,Cutler,9,,9,,,,,,,,,,"black-rock, the-silo"
2,Dancer,Dear Abby,9,,9,,,,,,,,,,"dmz, the-colosseum, the-ridge"
2,Dancer,HandsOn,9,,9,,,,,,,,,,the-colosseum
4,Dancer,Hodl,9,,9,,,,,,,,,,"the-colosseum, the-ridge, the-silo"
0,Dancer,Ozark,9,,6,,,,,,,3,,,da-grizz
1,Dancer,Ozark,9,,6,,,,,,,3,,,ravens-nest
3,Dancer,Party in a bottle,9,,9,,,,,,,,,,"the-colosseum, the-ridge"
2,Dasher,Old Maid,9,,9,,,,,,,,,,"the-colosseum, the-ridge"
3,Dasher,Scratch and Dent,9,,9,,,,,,,,,,"the-ridge, the-silo"
4,Dasher,UPS,9,,9,,,,,,,,,,
4,Donner,Bedpan,9,,9,,,,,,,,,,"black-rock, the-silo"
0,Donner,Celler Dweller,9,,9,,,,,,,,,,"the-colosseum, the-ridge"
2,Donner,Celler Dweller,9,,9,,,,,,,,,,"the-ridge, the-silo"
4,Donner,Chum Bucket,9,,9,,,,,,,,,,"black-rock, the-colosseum, the-silo"
2,Donner,Corner Kick,9,,9,,,,,,,,,,"dmz, the-grove, the-ridge"
0,Donner,Hanger,9,,9,,,,,,,,,,"the-colosseum, the-grove"
1,Donner,Hanger,9,,6,,,,3,,,,,,"the-grove, the-silo"
2,Donner,Hanger,9,,9,,,,,,,,,,"da-grizz, the-colosseum, the-grove"
1,Donner,Moist,9,3,3,,,,3,,,,,,the-ridge
0,Prancer,Circuit City,9,,9,,,,,,,,,,"black-rock, the-colosseum, the-olympiad"
2,Prancer,Circuit City,9,,9,,,,,,,,,,"dmz, the-colosseum"
0,Prancer,Deliverance,9,,9,,,,,,,,,,"the-colosseum, the-ridge, the-silo"
2,Prancer,Nemo,9,,9,,,,,,,,,,"black-rock, the-colosseum, the-silo"
3,Prancer,YellowPages,9,,9,,,,,,,,,,"da-grizz, ravens-nest, the-colosseum"
0,Rudolph,Cowbell,9,,6,,,,,,,3,,,da-grizz
0,Rudolph,Grunts,9,3,6,,,,,,,,,,
2,Rudolph,Italian Ice,9,,9,,,,,,,,,,da-grizz
4,Rudolph,Napster,9,,9,,,,,,,,,,"the-colosseum, the-ridge"
1,Rudolph,Slapshot,9,,9,,,,,,,,,,"da-grizz, ravens-nest"
3,Rudolph,Slapshot,9,,9,,,,,,,,,,"da-grizz, the-olympiad"
0,Vixen,Blue Gill,9,2,3,,,,,,,3,1,,the-ridge
0,Vixen,Den Mother,9,,3,,,,,,5,,1,,the-grove
3,Vixen,Fish Tape,9,,9,,,,,,,,,,"the-ridge, the-silo"
2,Blitzen,Gopher,8,,3,,,,,5,,,,,the-ridge
1,Cupid,Sizzler,8,,8,,,,,,,,,,black-diamond
0,Donner,Moist,8,2,3,,,,3,,,,,,the-ridge
1,Donner,Peashooter,8,,3,,,,,,5,,,,the-colosseum
3,Prancer,Depends (3rdF Q),8,,7,,,,,,,,1,,"black-diamond, da-grizz"
1,Rudolph,Homer Simpson,8,,,,,,3,,5,,,,
1,Vixen,Hackman,8,2,6,,,,,,,,,,"the-colosseum, the-ridge"
1,Blitzen,Foundation,7,,6,,,,,,,,1,,"the-grove, the-silo"
2,Comet,Bob Villa,7,,6,,,,,,,,1,,"el-coyote, the-olympiad"
3,Comet,Dauber,7,,6,,,,,,,,1,,"the-colosseum, the-ridge"
4,Comet,Happy Camper,7,,6,,,,,,,,1,,"black-rock, dmz"
2,Comet,Mahomes,7,,6,,,,,,,,1,,"el-coyote, the-ridge"
3,Comet,Peterbilt,7,,6,,,,,,,,1,,the-colosseum
3,Cupid,Otto Man,7,,7,,,,,,,,,,"black-diamond, ravens-nest"
0,Cupid,Sizzler,7,,7,,,,,,,,,,"black-diamond, the-colosseum"
2,Cupid,Sizzler,7,,7,,,,,,,,,,"black-diamond, the-olympiad"
3,Cupid,Sizzler,7,,7,,,,,,,,,,"black-diamond, dmz"
3,Cupid,Soft Hands,7,,7,,,,,,,,,,black-diamond
4,Cupid,Soft Hands,7,,6,,,,,,,,1,,"black-rock, the-colosseum"
4,Dancer,Cinderella,7,,6,,,,,,,,1,,the-colosseum
3,Dancer,Pop-Tart,7,,6,,,,,,,,1,,"the-colosseum, the-ridge"
2,Dasher,Jellystone,7,,6,,,,,,,,1,,"el-coyote, the-silo"
4,Dasher,Zimmer,7,,6,,,,,,,,1,,"the-ridge, the-silo"
4,Donner,Corner Kick,7,,6,,,,,,,,1,,"the-colosseum, the-ridge"
3,Rudolph,Backstreet,7,,6,,,,,,,,1,,"the-colosseum, the-olympiad"
1,Rudolph,Marinara,7,,7,,,,,,,,,,
4,Vixen,Broomstick,7,,7,,,,,,,,,,"black-diamond, the-colosseum"
0,Blitzen,Derailed,6,,6,,,,,,,,,,"dmz, the-grove"
3,Blitzen,Gopher,6,,6,,,,,,,,,,"the-colosseum, the-ridge"
3,Blitzen,Just Dance,6,,6,,,,,,,,,,"the-colosseum, the-ridge"
2,Blitzen,Morticia,6,,6,,,,,,,,,,"dmz, the-ridge"
1,Comet,Danica,6,,6,,,,,,,,,,the-colosseum
2,Comet,Hot Lava,6,,6,,,,,,,,,,el-coyote
2,Comet,Manhole,6,,6,,,,,,,,,,el-coyote
2,Comet,Peterbilt,6,,6,,,,,,,,,,"da-grizz, el-coyote"
0,Comet,Shankapotomus,6,,6,,,,,,,,,,"the-colosseum, the-olympiad"
3,Comet,Shankapotomus,6,,6,,,,,,,,,,"black-rock, the-colosseum"
0,Comet,Six Sheets,6,,6,,,,,,,,,,"the-colosseum, the-grove"
3,Cupid,Caboose,6,,6,,,,,,,,,,the-silo
4,Cupid,Caboose,6,,6,,,,,,,,,,"the-grove, the-silo"
2,Cupid,Duck Hunt,6,,6,,,,,,,,,,da-grizz
4,Cupid,Otto Man,6,,6,,,,,,,,,,"black-rock, the-silo"
4,Cupid,Singer,6,,6,,,,,,,,,,the-colosseum
2,Cupid,Spike Horn,6,,6,,,,,,,,,,"the-colosseum, the-olympiad"
2,Dancer,Cinderella,6,,6,,,,,,,,,,"the-olympiad, the-ridge"
1,Dancer,DEADBOLT,6,3,,,,,,,,3,,,
2,Dancer,Foghorn,6,,6,,,,,,,,,,"the-grove, the-silo"
3,Dancer,Foghorn,6,,6,,,,,,,,,,the-silo
4,Dancer,Party in a bottle,6,,6,,,,,,,,,,the-ridge
2,Dancer,Ricochet,6,,6,,,,,,,,,,"the-colosseum, the-olympiad"
3,Dancer,Thesaurus,6,,6,,,,,,,,,,"ravens-nest, the-olympiad"
4,Dasher,Old Maid,6,,6,,,,,,,,,,"the-grove, the-silo"
3,Donner,Celler Dweller,6,,6,,,,,,,,,,"the-grove, the-ridge"
3,Donner,Corner Kick,6,,6,,,,,,,,,,the-ridge
1,Donner,John Denver,6,2,3,,,,,,,,1,,the-grove
2,Donner,Juanita,6,,6,,,,,,,,,,"the-colosseum, the-ridge"
3,Donner,Mr. Belding,6,,6,,,,,,,,,,the-ridge
2,Prancer,Flo,6,,6,,,,,,,,,,the-ridge
2,Prancer,Liberty Biberty,6,,6,,,,,,,,,,the-olympiad
3,Prancer,Sensodyne,6,,6,,,,,,,,,,"the-colosseum, the-ridge"
1,Prancer,The Worm,6,,3,,,,,,,3,,,the-olympiad
2,Prancer,The Worm,6,,6,,,,,,,,,,"da-grizz, the-colosseum"
2,Prancer,Tinfoil,6,,6,,,,,,,,,,the-colosseum
3,Prancer,Tinfoil,6,,6,,,,,,,,,,"the-colosseum, the-grove"
4,Rudolph,Celine Dion,6,,6,,,,,,,,,,ravens-nest
2,Rudolph,Cowbell,6,,6,,,,,,,,,,da-grizz
3,Rudolph,Folgers,6,,6,,,,,,,,,,da-grizz
4,Rudolph,Foreclosure,6,,6,,,,,,,,,,"black-rock, the-colosseum"
3,Rudolph,Italian Ice,6,,6,,,,,,,,,,da-grizz
1,Rudolph,Mapquest,6,,6,,,,,,,,,,"the-colosseum, the-olympiad"
2,Rudolph,Mapquest,6,,6,,,,,,,,,,"the-olympiad, the-ridge"
2,Rudolph,Napster,6,,6,,,,,,,,,,"the-colosseum, the-olympiad"
3,Rudolph,Nickelback,6,,6,,,,,,,,,,the-ridge
0,Rudolph,Rabbit,6,,6,,,,,,,,,,
4,Vixen,Blue Gill,6,,6,,,,,,,,,,"the-ridge, the-silo"
4,Vixen,Dilly Dilly,6,,6,,,,,,,,,,"dmz, the-ridge"
0,Vixen,Ginga,6,,6,,,,,,,,,,the-ridge
1,Vixen,Ginga,6,,6,,,,,,,,,,"the-colosseum, the-ridge"
2,Vixen,Hackman,6,,6,,,,,,,,,,the-ridge
3,Vixen,Hat Trick,6,,6,,,,,,,,,,the-ridge
0,Vixen,Quatro,6,,6,,,,,,,,,,the-ridge
4,Vixen,Stitch,6,,6,,,,,,,,,,"the-colosseum, the-grove"
2,Vixen,vern,6,,6,,,,,,,,,,the-ridge
3,Vixen,vern,6,,6,,,,,,,,,,the-ridge
4,Vixen,vern,6,,6,,,,,,,,,,"the-colosseum, the-ridge"
4,Blitzen,Schlitz,5,,,,,,,,5,,,,
0,Blitzen,SkidMark,5,2,3,,,,,,,,,,the-ridge
1,Cupid,Caboose,5,,,,,,,,5,,,,
2,Dancer,TruGreen,5,,,,,,,5,,,,,
1,Dasher,Norm,5,,,,,,,,5,,,,
0,Dasher,Olive Oyl,5,,,,,5,,,,,,,
1,Dasher,Olive Oyl,5,,,,,,,,5,,,,
0,Prancer,Sensodyne,5,2,3,,,,,,,,,,the-ridge
4,Blitzen,Foundation,4,,3,,,,,,,,1,,the-ridge
2,Comet,DJ Sump Pump,4,,3,,,,,,,,1,,the-ridge
3,Comet,Manhole,4,,3,,,,,,,,1,,el-coyote
4,Comet,Peterbilt,4,,3,,,,,,,,1,,ravens-nest
0,Cupid,Otto Man,4,1,3,,,,,,,,,,da-grizz
0,Cupid,Spike Horn,4,,4,,,,,,,,,,
2,Dancer,Pop-Tart,4,,3,,,,,,,,1,,ravens-nest
3,Dasher,Jellystone,4,,3,,,,,,,,1,,the-silo
4,Donner,Moist,4,,3,,,,,,,,1,,the-ridge
2,Donner,Storm Chaser,4,,3,,,,,,,,1,,the-colosseum
4,Donner,fuzzy navel,4,,3,,,,,,,,1,,el-coyote
4,Prancer,Nemo,4,,3,,,,,,,,1,,the-colosseum
1,Vixen,Den Mother,4,,3,,,,,,,,1,,the-colosseum
2,Blitzen,Derailed,3,,3,,,,,,,,,,the-grove
0,Blitzen,Foundation,3,,3,,,,,,,,,,the-silo
2,Blitzen,Just Dance,3,,3,,,,,,,,,,the-colosseum
4,Blitzen,Just Dance,3,,3,,,,,,,,,,the-colosseum
4,Blitzen,Kidney Beans,3,,3,,,,,,,,,,the-colosseum
2,Blitzen,Pee Wee Herman,3,,3,,,,,,,,,,the-colosseum
3,Blitzen,Pee Wee Herman,3,,3,,,,,,,,,,the-grove
0,Blitzen,Sailer Moon,3,,3,,,,,,,,,,da-grizz
3,Blitzen,Sailer Moon,3,,3,,,,,,,,,,da-grizz
4,Blitzen,SkidMark,3,,3,,,,,,,,,,the-ridge
2,Blitzen,Xena- Warrior Princess,3,,3,,,,,,,,,,the-colosseum
0,Comet,Algorithm,3,,3,,,,,,,,,,the-colosseum
1,Comet,Algorithm,3,,3,,,,,,,,,,the-grove
2,Comet,Algorithm,3,,3,,,,,,,,,,the-ridge
4,Comet,Algorithm,3,,3,,,,,,,,,,the-colosseum
4,Comet,Bob Villa,3,,3,,,,,,,,,,black-rock
1,Comet,Choco Taco,3,3,,,,,,,,,,,
1,Comet,Hatchet (Lizard Q),3,,3,,,,,,,,,,the-ridge
3,Comet,Hot Lava,3,,3,,,,,,,,,,
2,Comet,Pearl,3,,3,,,,,,,,,,da-grizz
2,Comet,Shankapotomus,3,,3,,,,,,,,,,the-ridge
2,Comet,Six Sheets,3,,3,,,,,,,,,,the-ridge
2,Comet,Tighty Whities,3,,3,,,,,,,,,,the-ridge
1,Cupid,Bunker,3,,3,,,,,,,,,,the-grove
2,Cupid,Caboose,3,,3,,,,,,,,,,the-colosseum
0,Cupid,Laces Out,3,,3,,,,,,,,,,da-grizz
2,Cupid,Laces Out,3,,3,,,,,,,,,,da-grizz
3,Cupid,Laces Out,3,,3,,,,,,,,,,da-grizz
1,Cupid,Singer,3,,3,,,,,,,,,,the-colosseum
3,Cupid,Singer,3,,3,,,,,,,,,,the-colosseum
3,Cupid,Spike Horn,3,,3,,,,,,,,,,
0,Dancer,And1,3,,,,,,3,,,,,,
1,Dancer,Boston Butt,3,,3,,,,,,,,,,the-ridge
2,Dancer,Boston Butt,3,,3,,,,,,,,,,the-ridge
4,Dancer,Dear Abby,3,,3,,,,,,,,,,dmz
0,Dancer,Eleanor,3,,,,,,3,,,,,,
3,Dancer,Ricochet,3,,3,,,,,,,,,,the-colosseum
4,Dancer,Ricochet,3,,3,,,,,,,,,,the-colosseum
4,Dasher,BORG,3,,3,,,,,,,,,,the-ridge
2,Dasher,Doozie,3,,3,,,,,,,,,,black-rock
3,Dasher,Doozie,3,,3,,,,,,,,,,black-rock
0,Dasher,Drive By,3,,3,,,,,,,,,,
3,Dasher,Old Maid,3,,3,,,,,,,,,,the-ridge
1,Donner,Celler Dweller,3,,3,,,,,,,,,,the-ridge
4,Donner,Celler Dweller,3,,3,,,,,,,,,,the-silo
4,Donner,Hanger,3,,3,,,,,,,,,,the-silo
2,Donner,John Denver,3,,3,,,,,,,,,,the-ridge
4,Donner,John Denver,3,,3,,,,,,,,,,the-colosseum
0,Donner,Large Marge,3,,3,,,,,,,,,,da-grizz
3,Donner,Large Marge,3,,3,,,,,,,,,,da-grizz
4,Donner,Mr. Kotter,3,,3,,,,,,,,,,the-colosseum
0,Donner,Peashooter,3,,3,,,,,,,,,,the-colosseum
2,Donner,Peashooter,3,,3,,,,,,,,,,the-colosseum
3,Donner,Storm Chaser,3,,3,,,,,,,,,,
4,Donner,Storm Chaser,3,,3,,,,,,,,,,
0,Donner,Trickle,3,,3,,,,,,,,,,the-ridge
1,Donner,Trickle,3,,3,,,,,,,,,,the-colosseum
2,Donner,Trickle,3,,3,,,,,,,,,,dmz
3,Donner,Trickle,3,,3,,,,,,,,,,the-grove
3,Donner,fuzzy navel,3,,3,,,,,,,,,,el-coyote
3,Prancer,Deliverance,3,,3,,,,,,,,,,the-ridge
4,Prancer,Deliverance,3,,3,,,,,,,,,,the-silo
3,Prancer,Dilbert,3,,3,,,,,,,,,,the-grove
3,Prancer,Dungeon Master,3,,3,,,,,,,,,,the-grove
4,Prancer,Dungeon Master,3,,3,,,,,,,,,,the-grove
3,Prancer,Flo,3,,3,,,,,,,,,,the-ridge
4,Prancer,Flo,3,,3,,,,,,,,,,black-rock
4,Prancer,Liberty Biberty,3,,3,,,,,,,,,,the-silo
1,Prancer,Sensodyne,3,,,,,,3,,,,,,
0,Prancer,The Vault,3,,,,,,3,,,,,,
2,Prancer,The Vault,3,,3,,,,,,,,,,
0,Prancer,The Worm,3,,3,,,,,,,,,,the-silo
4,Prancer,The Worm,3,,3,,,,,,,,,,the-ridge
4,Prancer,YellowPages,3,,3,,,,,,,,,,ravens-nest
1,Rudolph,BoilerUp,3,,3,,,,,,,,,,the-colosseum
2,Rudolph,BoilerUp,3,,3,,,,,,,,,,the-ridge
3,Rudolph,BoilerUp,3,,3,,,,,,,,,,the-ridge
4,Rudolph,BoilerUp,3,,3,,,,,,,,,,the-ridge
2,Rudolph,Celine Dion,3,,3,,,,,,,,,,ravens-nest
3,Rudolph,Cowbell,3,,3,,,,,,,,,,ravens-nest
3,Rudolph,Dan-D-LION,3,,3,,,,,,,,,,ravens-nest
4,Rudolph,Dr. Loco,3,,3,,,,,,,,,,ravens-nest
1,Rudolph,Grunts,3,,3,,,,,,,,,,
0,Rudolph,Mapquest,3,,3,,,,,,,,,,the-olympiad
4,Rudolph,Rabbit,3,,3,,,,,,,,,,
3,Vixen,Blue Gill,3,,3,,,,,,,,,,the-silo
3,Vixen,Den Mother,3,,3,,,,,,,,,,the-ridge
0,Vixen,Fish Tape,3,,3,,,,,,,,,,the-ridge
2,Vixen,Fish Tape,3,,3,,,,,,,,,,the-ridge
3,Vixen,Hackman,3,,3,,,,,,,,,,the-ridge
0,Vixen,Hat Trick,3,,3,,,,,,,,,,the-ridge
4,Vixen,Hat Trick,3,,3,,,,,,,,,,the-ridge
1,Vixen,Quatro,3,,3,,,,,,,,,,the-silo
3,Vixen,Scuba Steve,3,,3,,,,,,,,,,the-olympiad
0,Vixen,SoccerMom,3,,3,,,,,,,,,,the-colosseum
2,Vixen,Stitch,3,,3,,,,,,,,,,the-silo
3,Blitzen,Derailed,0,,,,,,,,,,,,
4,Blitzen,Derailed,0,,,,,,,,,,,,
5,Blitzen,Derailed,0,,,,,,,,,,,,
6,Blitzen,Derailed,0,,,,,,,,,,,,
5,Blitzen,Foundation,0,,,,,,,,,,,,
6,Blitzen,Foundation,0,,,,,,,,,,,,
0,Blitzen,Gopher,0,,,,,,,,,,,,
1,Blitzen,Gopher,0,,,,,,,,,,,,
4,Blitzen,Gopher,0,,,,,,,,,,,,
5,Blitzen,Gopher,0,,,,,,,,,,,,
6,Blitzen,Gopher,0,,,,,,,,,,,,
0,Blitzen,Ink Jet,0,,,,,,,,,,,,
1,Blitzen,Ink Jet,0,,,,,,,,,,,,
2,Blitzen,Ink Jet,0,,,,,,,,,,,,
3,Blitzen,Ink Jet,0,,,,,,,,,,,,
4,Blitzen,Ink Jet,0,,,,,,,,,,,,
5,Blitzen,Ink Jet,0,,,,,,,,,,,,
6,Blitzen,Ink Jet,0,,,,,,,,,,,,
0,Blitzen,Intern,0,,,,,,,,,,,,
1,Blitzen,Intern,0,,,,,,,,,,,,
2,Blitzen,Intern,0,,,,,,,,,,,,
3,Blitzen,Intern,0,,,,,,,,,,,,
4,Blitzen,Intern,0,,,,,,,,,,,,
5,Blitzen,Intern,0,,,,,,,,,,,,
6,Blitzen,Intern,0,,,,,,,,,,,,
0,Blitzen,Just Dance,0,,,,,,,,,,,,
5,Blitzen,Just Dance,0,,,,,,,,,,,,
6,Blitzen,Just Dance,0,,,,,,,,,,,,
2,Blitzen,Kidney Beans,0,,,,,,,,,,,,
3,Blitzen,Kidney Beans,0,,,,,,,,,,,,
5,Blitzen,Kidney Beans,0,,,,,,,,,,,,
6,Blitzen,Kidney Beans,0,,,,,,,,,,,,
4,Blitzen,Morticia,0,,,,,,,,,,,,
5,Blitzen,Morticia,0,,,,,,,,,,,,
6,Blitzen,Morticia,0,,,,,,,,,,,,
4,Blitzen,Pee Wee Herman,0,,,,,,,,,,,,
5,Blitzen,Pee Wee Herman,0,,,,,,,,,,,,
6,Blitzen,Pee Wee Herman,0,,,,,,,,,,,,
0,Blitzen,Pretzel,0,,,,,,,,,,,,
1,Blitzen,Pretzel,0,,,,,,,,,,,,
2,Blitzen,Pretzel,0,,,,,,,,,,,,
3,Blitzen,Pretzel,0,,,,,,,,,,,,
4,Blitzen,Pretzel,0,,,,,,,,,,,,
5,Blitzen,Pretzel,0,,,,,,,,,,,,
6,Blitzen,Pretzel,0,,,,,,,,,,,,
1,Blitzen,Sailer Moon,0,,,,,,,,,,,,
2,Blitzen,Sailer Moon,0,,,,,,,,,,,,
4,Blitzen,Sailer Moon,0,,,,,,,,,,,,
5,Blitzen,Sailer Moon,0,,,,,,,,,,,,
6,Blitzen,Sailer Moon,0,,,,,,,,,,,,
5,Blitzen,Schlitz,0,,,,,,,,,,,,
6,Blitzen,Schlitz,0,,,,,,,,,,,,
0,Blitzen,Senor Frog,0,,,,,,,,,,,,
1,Blitzen,Senor Frog,0,,,,,,,,,,,,
2,Blitzen,Senor Frog,0,,,,,,,,,,,,
3,Blitzen,Senor Frog,0,,,,,,,,,,,,
4,Blitzen,Senor Frog,0,,,,,,,,,,,,
5,Blitzen,Senor Frog,0,,,,,,,,,,,,
6,Blitzen,Senor Frog,0,,,,,,,,,,,,
5,Blitzen,SkidMark,0,,,,,,,,,,,,
6,Blitzen,SkidMark,0,,,,,,,,,,,,
0,Blitzen,Woody,0,,,,,,,,,,,,
1,Blitzen,Woody,0,,,,,,,,,,,,
2,Blitzen,Woody,0,,,,,,,,,,,,
3,Blitzen,Woody,0,,,,,,,,,,,,
4,Blitzen,Woody,0,,,,,,,,,,,,
5,Blitzen,Woody,0,,,,,,,,,,,,
6,Blitzen,Woody,0,,,,,,,,,,,,
3,Blitzen,Xena- Warrior Princess,0,,,,,,,,,,,,
4,Blitzen,Xena- Warrior Princess,0,,,,,,,,,,,,
5,Blitzen,Xena- Warrior Princess,0,,,,,,,,,,,,
6,Blitzen,Xena- Warrior Princess,0,,,,,,,,,,,,
5,Comet,Algorithm,0,,,,,,,,,,,,
6,Comet,Algorithm,0,,,,,,,,,,,,
0,Comet,Bambino,0,,,,,,,,,,,,
1,Comet,Bambino,0,,,,,,,,,,,,
2,Comet,Bambino,0,,,,,,,,,,,,
3,Comet,Bambino,0,,,,,,,,,,,,
4,Comet,Bambino,0,,,,,,,,,,,,
5,Comet,Bambino,0,,,,,,,,,,,,
6,Comet,Bambino,0,,,,,,,,,,,,
5,Comet,Bob Villa,0,,,,,,,,,,,,
6,Comet,Bob Villa,0,,,,,,,,,,,,
2,Comet,Choco Taco,0,,,,,,,,,,,,
3,Comet,Choco Taco,0,,,,,,,,,,,,
4,Comet,Choco Taco,0,,,,,,,,,,,,
5,Comet,Choco Taco,0,,,,,,,,,,,,
6,Comet,Choco Taco,0,,,,,,,,,,,,
3,Comet,DJ Sump Pump,0,,,,,,,,,,,,
4,Comet,DJ Sump Pump,0,,,,,,,,,,,,
5,Comet,DJ Sump Pump,0,,,,,,,,,,,,
6,Comet,DJ Sump Pump,0,,,,,,,,,,,,
3,Comet,Danica,0,,,,,,,,,,,,
4,Comet,Danica,0,,,,,,,,,,,,
5,Comet,Danica,0,,,,,,,,,,,,
6,Comet,Danica,0,,,,,,,,,,,,
4,Comet,Dauber,0,,,,,,,,,,,,
5,Comet,Dauber,0,,,,,,,,,,,,
6,Comet,Dauber,0,,,,,,,,,,,,
0,Comet,Fire Hose,0,,,,,,,,,,,,
1,Comet,Fire Hose,0,,,,,,,,,,,,
2,Comet,Fire Hose,0,,,,,,,,,,,,
3,Comet,Fire Hose,0,,,,,,,,,,,,
4,Comet,Fire Hose,0,,,,,,,,,,,,
5,Comet,Fire Hose,0,,,,,,,,,,,,
6,Comet,Fire Hose,0,,,,,,,,,,,,
0,Comet,Frontier,0,,,,,,,,,,,,
1,Comet,Frontier,0,,,,,,,,,,,,
2,Comet,Frontier,0,,,,,,,,,,,,
3,Comet,Frontier,0,,,,,,,,,,,,
4,Comet,Frontier,0,,,,,,,,,,,,
5,Comet,Frontier,0,,,,,,,,,,,,
6,Comet,Frontier,0,,,,,,,,,,,,
0,Comet,Griner,0,,,,,,,,,,,,
1,Comet,Griner,0,,,,,,,,,,,,
2,Comet,Griner,0,,,,,,,,,,,,
3,Comet,Griner,0,,,,,,,,,,,,
4,Comet,Griner,0,,,,,,,,,,,,
5,Comet,Griner,0,,,,,,,,,,,,
6,Comet,Griner,0,,,,,,,,,,,,
5,Comet,Happy Camper,0,,,,,,,,,,,,
6,Comet,Happy Camper,0,,,,,,,,,,,,
2,Comet,Hatchet (Lizard Q),0,,,,,,,,,,,,
3,Comet,Hatchet (Lizard Q),0,,,,,,,,,,,,
4,Comet,Hatchet (Lizard Q),0,,,,,,,,,,,,
5,Comet,Hatchet (Lizard Q),0,,,,,,,,,,,,
6,Comet,Hatchet (Lizard Q),0,,,,,,,,,,,,
1,Comet,Heifer,0,,,,,,,,,,,,
2,Comet,Heifer,0,,,,,,,,,,,,
3,Comet,Heifer,0,,,,,,,,,,,,
4,Comet,Heifer,0,,,,,,,,,,,,
5,Comet,Heifer,0,,,,,,,,,,,,
6,Comet,Heifer,0,,,,,,,,,,,,
4,Comet,Hot Lava,0,,,,,,,,,,,,
5,Comet,Hot Lava,0,,,,,,,,,,,,
6,Comet,Hot Lava,0,,,,,,,,,,,,
0,Comet,Hot Pants,0,,,,,,,,,,,,
1,Comet,Hot Pants,0,,,,,,,,,,,,
2,Comet,Hot Pants,0,,,,,,,,,,,,
3,Comet,Hot Pants,0,,,,,,,,,,,,
4,Comet,Hot Pants,0,,,,,,,,,,,,
5,Comet,Hot Pants,0,,,,,,,,,,,,
6,Comet,Hot Pants,0,,,,,,,,,,,,
0,Comet,Jugz,0,,,,,,,,,,,,
1,Comet,Jugz,0,,,,,,,,,,,,
2,Comet,Jugz,0,,,,,,,,,,,,
3,Comet,Jugz,0,,,,,,,,,,,,
4,Comet,Jugz,0,,,,,,,,,,,,
5,Comet,Jugz,0,,,,,,,,,,,,
6,Comet,Jugz,0,,,,,,,,,,,,
5,Comet,Mahomes,0,,,,,,,,,,,,
6,Comet,Mahomes,0,,,,,,,,,,,,
4,Comet,Manhole,0,,,,,,,,,,,,
5,Comet,Manhole,0,,,,,,,,,,,,
6,Comet,Manhole,0,,,,,,,,,,,,
3,Comet,Meta,0,,,,,,,,,,,,
4,Comet,Meta,0,,,,,,,,,,,,
5,Comet,Meta,0,,,,,,,,,,,,
6,Comet,Meta,0,,,,,,,,,,,,
3,Comet,Pearl,0,,,,,,,,,,,,
4,Comet,Pearl,0,,,,,,,,,,,,
5,Comet,Pearl,0,,,,,,,,,,,,
6,Comet,Pearl,0,,,,,,,,,,,,
5,Comet,Peterbilt,0,,,,,,,,,,,,
6,Comet,Peterbilt,0,,,,,,,,,,,,
5,Comet,Pull-up,0,,,,,,,,,,,,
6,Comet,Pull-up,0,,,,,,,,,,,,
0,Comet,Second Best,0,,,,,,,,,,,,
1,Comet,Second Best,0,,,,,,,,,,,,
2,Comet,Second Best,0,,,,,,,,,,,,
3,Comet,Second Best,0,,,,,,,,,,,,
4,Comet,Second Best,0,,,,,,,,,,,,
5,Comet,Second Best,0,,,,,,,,,,,,
6,Comet,Second Best,0,,,,,,,,,,,,
4,Comet,Shankapotomus,0,,,,,,,,,,,,
5,Comet,Shankapotomus,0,,,,,,,,,,,,
6,Comet,Shankapotomus,0,,,,,,,,,,,,
3,Comet,Six Sheets,0,,,,,,,,,,,,
4,Comet,Six Sheets,0,,,,,,,,,,,,
5,Comet,Six Sheets,0,,,,,,,,,,,,
6,Comet,Six Sheets,0,,,,,,,,,,,,
3,Comet,Tighty Whities,0,,,,,,,,,,,,
4,Comet,Tighty Whities,0,,,,,,,,,,,,
5,Comet,Tighty Whities,0,,,,,,,,,,,,
6,Comet,Tighty Whities,0,,,,,,,,,,,,
0,Comet,Toby,0,,,,,,,,,,,,
1,Comet,Toby,0,,,,,,,,,,,,
2,Comet,Toby,0,,,,,,,,,,,,
3,Comet,Toby,0,,,,,,,,,,,,
4,Comet,Toby,0,,,,,,,,,,,,
5,Comet,Toby,0,,,,,,,,,,,,
6,Comet,Toby,0,,,,,,,,,,,,
2,Comet,Wing Stop (F3 Naperville),0,,,,,,,,,,,,
3,Comet,Wing Stop (F3 Naperville),0,,,,,,,,,,,,
4,Comet,Wing Stop (F3 Naperville),0,,,,,,,,,,,,
5,Comet,Wing Stop (F3 Naperville),0,,,,,,,,,,,,
6,Comet,Wing Stop (F3 Naperville),0,,,,,,,,,,,,
0,Comet,pep boys,0,,,,,,,,,,,,
1,Comet,pep boys,0,,,,,,,,,,,,
2,Comet,pep boys,0,,,,,,,,,,,,
3,Comet,pep boys,0,,,,,,,,,,,,
4,Comet,pep boys,0,,,,,,,,,,,,
5,Comet,pep boys,0,,,,,,,,,,,,
6,Comet,pep boys,0,,,,,,,,,,,,
5,Cupid,Bunker,0,,,,,,,,,,,,
6,Cupid,Bunker,0,,,,,,,,,,,,
5,Cupid,Caboose,0,,,,,,,,,,,,
6,Cupid,Caboose,0,,,,,,,,,,,,
0,Cupid,Candy Man,0,,,,,,,,,,,,
1,Cupid,Candy Man,0,,,,,,,,,,,,
2,Cupid,Candy Man,0,,,,,,,,,,,,
3,Cupid,Candy Man,0,,,,,,,,,,,,
4,Cupid,Candy Man,0,,,,,,,,,,,,
5,Cupid,Candy Man,0,,,,,,,,,,,,
6,Cupid,Candy Man,0,,,,,,,,,,,,
0,Cupid,Chernobyl,0,,,,,,,,,,,,
1,Cupid,Chernobyl,0,,,,,,,,,,,,
2,Cupid,Chernobyl,0,,,,,,,,,,,,
3,Cupid,Chernobyl,0,,,,,,,,,,,,
4,Cupid,Chernobyl,0,,,,,,,,,,,,
5,Cupid,Chernobyl,0,,,,,,,,,,,,
6,Cupid,Chernobyl,0,,,,,,,,,,,,
0,Cupid,Double dipper,0,,,,,,,,,,,,
1,Cupid,Double dipper,0,,,,,,,,,,,,
2,Cupid,Double dipper,0,,,,,,,,,,,,
3,Cupid,Double dipper,0,,,,,,,,,,,,
4,Cupid,Double dipper,0,,,,,,,,,,,,
5,Cupid,Double dipper,0,,,,,,,,,,,,
6,Cupid,Double dipper,0,,,,,,,,,,,,
5,Cupid,Duck Hunt,0,,,,,,,,,,,,
6,Cupid,Duck Hunt,0,,,,,,,,,,,,
0,Cupid,Great Clips,0,,,,,,,,,,,,
1,Cupid,Great Clips,0,,,,,,,,,,,,
2,Cupid,Great Clips,0,,,,,,,,,,,,
3,Cupid,Great Clips,0,,,,,,,,,,,,
4,Cupid,Great Clips,0,,,,,,,,,,,,
5,Cupid,Great Clips,0,,,,,,,,,,,,
6,Cupid,Great Clips,0,,,,,,,,,,,,
0,Cupid,GrubX (CMW),0,,,,,,,,,,,,
1,Cupid,GrubX (CMW),0,,,,,,,,,,,,
2,Cupid,GrubX (CMW),0,,,,,,,,,,,,
3,Cupid,GrubX (CMW),0,,,,,,,,,,,,
4,Cupid,GrubX (CMW),0,,,,,,,,,,,,
5,Cupid,GrubX (CMW),0,,,,,,,,,,,,
6,Cupid,GrubX (CMW),0,,,,,,,,,,,,
1,Cupid,Laces Out,0,,,,,,,,,,,,
4,Cupid,Laces Out,0,,,,,,,,,,,,
5,Cupid,Laces Out,0,,,,,,,,,,,,
6,Cupid,Laces Out,0,,,,,,,,,,,,
0,Cupid,Lot lizard,0,,,,,,,,,,,,
1,Cupid,Lot lizard,0,,,,,,,,,,,,
2,Cupid,Lot lizard,0,,,,,,,,,,,,
3,Cupid,Lot lizard,0,,,,,,,,,,,,
4,Cupid,Lot lizard,0,,,,,,,,,,,,
5,Cupid,Lot lizard,0,,,,,,,,,,,,
6,Cupid,Lot lizard,0,,,,,,,,,,,,
1,Cupid,Otto Man,0,,,,,,,,,,,,
2,Cupid,Otto Man,0,,,,,,,,,,,,
5,Cupid,Otto Man,0,,,,,,,,,,,,
6,Cupid,Otto Man,0,,,,,,,,,,,,
2,Cupid,Picasso,0,,,,,,,,,,,,
3,Cupid,Picasso,0,,,,,,,,,,,,
4,Cupid,Picasso,0,,,,,,,,,,,,
5,Cupid,Picasso,0,,,,,,,,,,,,
6,Cupid,Picasso,0,,,,,,,,,,,,
2,Cupid,Singer,0,,,,,,,,,,,,
5,Cupid,Singer,0,,,,,,,,,,,,
6,Cupid,Singer,0,,,,,,,,,,,,
4,Cupid,Sizzler,0,,,,,,,,,,,,
5,Cupid,Sizzler,0,,,,,,,,,,,,
6,Cupid,Sizzler,0,,,,,,,,,,,,
5,Cupid,Soft Hands,0,,,,,,,,,,,,
6,Cupid,Soft Hands,0,,,,,,,,,,,,
5,Cupid,Sparkler,0,,,,,,,,,,,,
6,Cupid,Sparkler,0,,,,,,,,,,,,
1,Cupid,Spike Horn,0,,,,,,,,,,,,
4,Cupid,Spike Horn,0,,,,,,,,,,,,
5,Cupid,Spike Horn,0,,,,,,,,,,,,
6,Cupid,Spike Horn,0,,,,,,,,,,,,
0,Cupid,Spirit,0,,,,,,,,,,,,
1,Cupid,Spirit,0,,,,,,,,,,,,
2,Cupid,Spirit,0,,,,,,,,,,,,
3,Cupid,Spirit,0,,,,,,,,,,,,
4,Cupid,Spirit,0,,,,,,,,,,,,
5,Cupid,Spirit,0,,,,,,,,,,,,
6,Cupid,Spirit,0,,,,,,,,,,,,
1,Dancer,And1,0,,,,,,,,,,,,
2,Dancer,And1,0,,,,,,,,,,,,
3,Dancer,And1,0,,,,,,,,,,,,
4,Dancer,And1,0,,,,,,,,,,,,
5,Dancer,And1,0,,,,,,,,,,,,
6,Dancer,And1,0,,,,,,,,,,,,
0,Dancer,Ball boy,0,,,,,,,,,,,,
1,Dancer,Ball boy,0,,,,,,,,,,,,
2,Dancer,Ball boy,0,,,,,,,,,,,,
3,Dancer,Ball boy,0,,,,,,,,,,,,
4,Dancer,Ball boy,0,,,,,,,,,,,,
5,Dancer,Ball boy,0,,,,,,,,,,,,
6,Dancer,Ball boy,0,,,,,,,,,,,,
0,Dancer,Bill Nye,0,,,,,,,,,,,,
1,Dancer,Bill Nye,0,,,,,,,,,,,,
2,Dancer,Bill Nye,0,,,,,,,,,,,,
3,Dancer,Bill Nye,0,,,,,,,,,,,,
4,Dancer,Bill Nye,0,,,,,,,,,,,,
5,Dancer,Bill Nye,0,,,,,,,,,,,,
6,Dancer,Bill Nye,0,,,,,,,,,,,,
0,Dancer,Boston Butt,0,,,,,,,,,,,,
3,Dancer,Boston Butt,0,,,,,,,,,,,,
4,Dancer,Boston Butt,0,,,,,,,,,,,,
5,Dancer,Boston Butt,0,,,,,,,,,,,,
6,Dancer,Boston Butt,0,,,,,,,,,,,,
5,Dancer,Cinderella,0,,,,,,,,,,,,
6,Dancer,Cinderella,0,,,,,,,,,,,,
0,Dancer,Crotch Rocket,0,,,,,,,,,,,,
1,Dancer,Crotch Rocket,0,,,,,,,,,,,,
2,Dancer,Crotch Rocket,0,,,,,,,,,,,,
3,Dancer,Crotch Rocket,0,,,,,,,,,,,,
4,Dancer,Crotch Rocket,0,,,,,,,,,,,,
5,Dancer,Crotch Rocket,0,,,,,,,,,,,,
6,Dancer,Crotch Rocket,0,,,,,,,,,,,,
5,Dancer,Cutler,0,,,,,,,,,,,,
6,Dancer,Cutler,0,,,,,,,,,,,,
0,Dancer,DEADBOLT,0,,,,,,,,,,,,
2,Dancer,DEADBOLT,0,,,,,,,,,,,,
3,Dancer,DEADBOLT,0,,,,,,,,,,,,
4,Dancer,DEADBOLT,0,,,,,,,,,,,,
5,Dancer,DEADBOLT,0,,,,,,,,,,,,
6,Dancer,DEADBOLT,0,,,,,,,,,,,,
3,Dancer,Dear Abby,0,,,,,,,,,,,,
5,Dancer,Dear Abby,0,,,,,,,,,,,,
6,Dancer,Dear Abby,0,,,,,,,,,,,,
1,Dancer,Eleanor,0,,,,,,,,,,,,
2,Dancer,Eleanor,0,,,,,,,,,,,,
3,Dancer,Eleanor,0,,,,,,,,,,,,
4,Dancer,Eleanor,0,,,,,,,,,,,,
5,Dancer,Eleanor,0,,,,,,,,,,,,
6,Dancer,Eleanor,0,,,,,,,,,,,,
5,Dancer,Foghorn,0,,,,,,,,,,,,
6,Dancer,Foghorn,0,,,,,,,,,,,,
0,Dancer,Four Square,0,,,,,,,,,,,,
1,Dancer,Four Square,0,,,,,,,,,,,,
2,Dancer,Four Square,0,,,,,,,,,,,,
3,Dancer,Four Square,0,,,,,,,,,,,,
4,Dancer,Four Square,0,,,,,,,,,,,,
5,Dancer,Four Square,0,,,,,,,,,,,,
6,Dancer,Four Square,0,,,,,,,,,,,,
3,Dancer,HandsOn,0,,,,,,,,,,,,
4,Dancer,HandsOn,0,,,,,,,,,,,,
5,Dancer,HandsOn,0,,,,,,,,,,,,
6,Dancer,HandsOn,0,,,,,,,,,,,,
5,Dancer,Hodl,0,,,,,,,,,,,,
6,Dancer,Hodl,0,,,,,,,,,,,,
1,Dancer,Martha Stewart,0,,,,,,,,,,,,
2,Dancer,Martha Stewart,0,,,,,,,,,,,,
3,Dancer,Martha Stewart,0,,,,,,,,,,,,
4,Dancer,Martha Stewart,0,,,,,,,,,,,,
5,Dancer,Martha Stewart,0,,,,,,,,,,,,
6,Dancer,Martha Stewart,0,,,,,,,,,,,,
2,Dancer,Ozark,0,,,,,,,,,,,,
3,Dancer,Ozark,0,,,,,,,,,,,,
4,Dancer,Ozark,0,,,,,,,,,,,,
5,Dancer,Ozark,0,,,,,,,,,,,,
6,Dancer,Ozark,0,,,,,,,,,,,,
5,Dancer,Party in a bottle,0,,,,,,,,,,,,
6,Dancer,Party in a bottle,0,,,,,,,,,,,,
2,Dancer,Phoenix,0,,,,,,,,,,,,
3,Dancer,Phoenix,0,,,,,,,,,,,,
4,Dancer,Phoenix,0,,,,,,,,,,,,
5,Dancer,Phoenix,0,,,,,,,,,,,,
6,Dancer,Phoenix,0,,,,,,,,,,,,
4,Dancer,Pop-Tart,0,,,,,,,,,,,,
5,Dancer,Pop-Tart,0,,,,,,,,,,,,
6,Dancer,Pop-Tart,0,,,,,,,,,,,,
5,Dancer,Ricochet,0,,,,,,,,,,,,
6,Dancer,Ricochet,0,,,,,,,,,,,,
0,Dancer,Safety Meeting,0,,,,,,,,,,,,
1,Dancer,Safety Meeting,0,,,,,,,,,,,,
2,Dancer,Safety Meeting,0,,,,,,,,,,,,
3,Dancer,Safety Meeting,0,,,,,,,,,,,,
4,Dancer,Safety Meeting,0,,,,,,,,,,,,
5,Dancer,Safety Meeting,0,,,,,,,,,,,,
6,Dancer,Safety Meeting,0,,,,,,,,,,,,
4,Dancer,Sparky,0,,,,,,,,,,,,
5,Dancer,Sparky,0,,,,,,,,,,,,
6,Dancer,Sparky,0,,,,,,,,,,,,
4,Dancer,Thesaurus,0,,,,,,,,,,,,
5,Dancer,Thesaurus,0,,,,,,,,,,,,
6,Dancer,Thesaurus,0,,,,,,,,,,,,
3,Dancer,TruGreen,0,,,,,,,,,,,,
4,Dancer,TruGreen,0,,,,,,,,,,,,
5,Dancer,TruGreen,0,,,,,,,,,,,,
6,Dancer,TruGreen,0,,,,,,,,,,,,
2,Dancer,Waffle House,0,,,,,,,,,,,,
3,Dancer,Waffle House,0,,,,,,,,,,,,
4,Dancer,Waffle House,0,,,,,,,,,,,,
5,Dancer,Waffle House,0,,,,,,,,,,,,
6,Dancer,Waffle House,0,,,,,,,,,,,,
0,Dasher,BABYMOMMA,0,,,,,,,,,,,,
2,Dasher,BABYMOMMA,0,,,,,,,,,,,,
3,Dasher,BABYMOMMA,0,,,,,,,,,,,,
4,Dasher,BABYMOMMA,0,,,,,,,,,,,,
5,Dasher,BABYMOMMA,0,,,,,,,,,,,,
6,Dasher,BABYMOMMA,0,,,,,,,,,,,,
0,Dasher,BORG,0,,,,,,,,,,,,
1,Dasher,BORG,0,,,,,,,,,,,,
2,Dasher,BORG,0,,,,,,,,,,,,
3,Dasher,BORG,0,,,,,,,,,,,,
5,Dasher,BORG,0,,,,,,,,,,,,
6,Dasher,BORG,0,,,,,,,,,,,,
2,Dasher,Dog House,0,,,,,,,,,,,,
3,Dasher,Dog House,0,,,,,,,,,,,,
4,Dasher,Dog House,0,,,,,,,,,,,,
5,Dasher,Dog House,0,,,,,,,,,,,,
6,Dasher,Dog House,0,,,,,,,,,,,,
4,Dasher,Doozie,0,,,,,,,,,,,,
5,Dasher,Doozie,0,,,,,,,,,,,,
6,Dasher,Doozie,0,,,,,,,,,,,,
1,Dasher,Drive By,0,,,,,,,,,,,,
2,Dasher,Drive By,0,,,,,,,,,,,,
3,Dasher,Drive By,0,,,,,,,,,,,,
4,Dasher,Drive By,0,,,,,,,,,,,,
5,Dasher,Drive By,0,,,,,,,,,,,,
6,Dasher,Drive By,0,,,,,,,,,,,,
0,Dasher,Grinch,0,,,,,,,,,,,,
1,Dasher,Grinch,0,,,,,,,,,,,,
2,Dasher,Grinch,0,,,,,,,,,,,,
3,Dasher,Grinch,0,,,,,,,,,,,,
4,Dasher,Grinch,0,,,,,,,,,,,,
5,Dasher,Grinch,0,,,,,,,,,,,,
6,Dasher,Grinch,0,,,,,,,,,,,,
5,Dasher,Jellystone,0,,,,,,,,,,,,
6,Dasher,Jellystone,0,,,,,,,,,,,,
0,Dasher,LaRussa,0,,,,,,,,,,,,
1,Dasher,LaRussa,0,,,,,,,,,,,,
2,Dasher,LaRussa,0,,,,,,,,,,,,
3,Dasher,LaRussa,0,,,,,,,,,,,,
4,Dasher,LaRussa,0,,,,,,,,,,,,
5,Dasher,LaRussa,0,,,,,,,,,,,,
6,Dasher,LaRussa,0,,,,,,,,,,,,
2,Dasher,Norm,0,,,,,,,,,,,,
3,Dasher,Norm,0,,,,,,,,,,,,
4,Dasher,Norm,0,,,,,,,,,,,,
5,Dasher,Norm,0,,,,,,,,,,,,
6,Dasher,Norm,0,,,,,,,,,,,,
5,Dasher,Old Maid,0,,,,,,,,,,,,
6,Dasher,Old Maid,0,,,,,,,,,,,,
2,Dasher,Olive Oyl,0,,,,,,,,,,,,
3,Dasher,Olive Oyl,0,,,,,,,,,,,,
4,Dasher,Olive Oyl,0,,,,,,,,,,,,
5,Dasher,Olive Oyl,0,,,,,,,,,,,,
6,Dasher,Olive Oyl,0,,,,,,,,,,,,
2,Dasher,Rooney,0,,,,,,,,,,,,
3,Dasher,Rooney,0,,,,,,,,,,,,
4,Dasher,Rooney,0,,,,,,,,,,,,
5,Dasher,Rooney,0,,,,,,,,,,,,
6,Dasher,Rooney,0,,,,,,,,,,,,
0,Dasher,Scat,0,,,,,,,,,,,,
1,Dasher,Scat,0,,,,,,,,,,,,
2,Dasher,Scat,0,,,,,,,,,,,,
3,Dasher,Scat,0,,,,,,,,,,,,
4,Dasher,Scat,0,,,,,,,,,,,,
5,Dasher,Scat,0,,,,,,,,,,,,
6,Dasher,Scat,0,,,,,,,,,,,,
5,Dasher,Scratch and Dent,0,,,,,,,,,,,,
6,Dasher,Scratch and Dent,0,,,,,,,,,,,,
2,Dasher,Trifecta,0,,,,,,,,,,,,
3,Dasher,Trifecta,0,,,,,,,,,,,,
4,Dasher,Trifecta,0,,,,,,,,,,,,
5,Dasher,Trifecta,0,,,,,,,,,,,,
6,Dasher,Trifecta,0,,,,,,,,,,,,
0,Dasher,Trojan,0,,,,,,,,,,,,
1,Dasher,Trojan,0,,,,,,,,,,,,
2,Dasher,Trojan,0,,,,,,,,,,,,
3,Dasher,Trojan,0,,,,,,,,,,,,
4,Dasher,Trojan,0,,,,,,,,,,,,
5,Dasher,Trojan,0,,,,,,,,,,,,
6,Dasher,Trojan,0,,,,,,,,,,,,
1,Dasher,UPS,0,,,,,,,,,,,,
3,Dasher,UPS,0,,,,,,,,,,,,
5,Dasher,UPS,0,,,,,,,,,,,,
6,Dasher,UPS,0,,,,,,,,,,,,
5,Dasher,Zimmer,0,,,,,,,,,,,,
6,Dasher,Zimmer,0,,,,,,,,,,,,
5,Donner,Bedpan,0,,,,,,,,,,,,
6,Donner,Bedpan,0,,,,,,,,,,,,
5,Donner,Celler Dweller,0,,,,,,,,,,,,
6,Donner,Celler Dweller,0,,,,,,,,,,,,
5,Donner,Chum Bucket,0,,,,,,,,,,,,
6,Donner,Chum Bucket,0,,,,,,,,,,,,
5,Donner,Corner Kick,0,,,,,,,,,,,,
6,Donner,Corner Kick,0,,,,,,,,,,,,
0,Donner,HGTV,0,,,,,,,,,,,,
1,Donner,HGTV,0,,,,,,,,,,,,
2,Donner,HGTV,0,,,,,,,,,,,,
3,Donner,HGTV,0,,,,,,,,,,,,
4,Donner,HGTV,0,,,,,,,,,,,,
5,Donner,HGTV,0,,,,,,,,,,,,
6,Donner,HGTV,0,,,,,,,,,,,,
5,Donner,Hanger,0,,,,,,,,,,,,
6,Donner,Hanger,0,,,,,,,,,,,,
3,Donner,John Denver,0,,,,,,,,,,,,
5,Donner,John Denver,0,,,,,,,,,,,,
6,Donner,John Denver,0,,,,,,,,,,,,
4,Donner,Juanita,0,,,,,,,,,,,,
5,Donner,Juanita,0,,,,,,,,,,,,
6,Donner,Juanita,0,,,,,,,,,,,,
1,Donner,Large Marge,0,,,,,,,,,,,,
2,Donner,Large Marge,0,,,,,,,,,,,,
4,Donner,Large Marge,0,,,,,,,,,,,,
5,Donner,Large Marge,0,,,,,,,,,,,,
6,Donner,Large Marge,0,,,,,,,,,,,,
2,Donner,Moist,0,,,,,,,,,,,,
3,Donner,Moist,0,,,,,,,,,,,,
5,Donner,Moist,0,,,,,,,,,,,,
6,Donner,Moist,0,,,,,,,,,,,,
4,Donner,Mr. Belding,0,,,,,,,,,,,,
5,Donner,Mr. Belding,0,,,,,,,,,,,,
6,Donner,Mr. Belding,0,,,,,,,,,,,,
5,Donner,Mr. Kotter,0,,,,,,,,,,,,
6,Donner,Mr. Kotter,0,,,,,,,,,,,,
3,Donner,Peashooter,0,,,,,,,,,,,,
4,Donner,Peashooter,0,,,,,,,,,,,,
5,Donner,Peashooter,0,,,,,,,,,,,,
6,Donner,Peashooter,0,,,,,,,,,,,,
0,Donner,Pit Boss,0,,,,,,,,,,,,
1,Donner,Pit Boss,0,,,,,,,,,,,,
2,Donner,Pit Boss,0,,,,,,,,,,,,
3,Donner,Pit Boss,0,,,,,,,,,,,,
4,Donner,Pit Boss,0,,,,,,,,,,,,
5,Donner,Pit Boss,0,,,,,,,,,,,,
6,Donner,Pit Boss,0,,,,,,,,,,,,
5,Donner,Storm Chaser,0,,,,,,,,,,,,
6,Donner,Storm Chaser,0,,,,,,,,,,,,
4,Donner,Trickle,0,,,,,,,,,,,,
5,Donner,Trickle,0,,,,,,,,,,,,
6,Donner,Trickle,0,,,,,,,,,,,,
5,Donner,fuzzy navel,0,,,,,,,,,,,,
6,Donner,fuzzy navel,0,,,,,,,,,,,,
5,Prancer,Boomer,0,,,,,,,,,,,,
6,Prancer,Boomer,0,,,,,,,,,,,,
3,Prancer,Circuit City,0,,,,,,,,,,,,
4,Prancer,Circuit City,0,,,,,,,,,,,,
5,Prancer,Circuit City,0,,,,,,,,,,,,
6,Prancer,Circuit City,0,,,,,,,,,,,,
2,Prancer,Deliverance,0,,,,,,,,,,,,
5,Prancer,Deliverance,0,,,,,,,,,,,,
6,Prancer,Deliverance,0,,,,,,,,,,,,
4,Prancer,Depends (3rdF Q),0,,,,,,,,,,,,
5,Prancer,Depends (3rdF Q),0,,,,,,,,,,,,
6,Prancer,Depends (3rdF Q),0,,,,,,,,,,,,
4,Prancer,Dilbert,0,,,,,,,,,,,,
5,Prancer,Dilbert,0,,,,,,,,,,,,
6,Prancer,Dilbert,0,,,,,,,,,,,,
0,Prancer,Dungeon Master,0,,,,,,,,,,,,
1,Prancer,Dungeon Master,0,,,,,,,,,,,,
2,Prancer,Dungeon Master,0,,,,,,,,,,,,
5,Prancer,Dungeon Master,0,,,,,,,,,,,,
6,Prancer,Dungeon Master,0,,,,,,,,,,,,
0,Prancer,Ferkus,0,,,,,,,,,,,,
1,Prancer,Ferkus,0,,,,,,,,,,,,
2,Prancer,Ferkus,0,,,,,,,,,,,,
3,Prancer,Ferkus,0,,,,,,,,,,,,
4,Prancer,Ferkus,0,,,,,,,,,,,,
5,Prancer,Ferkus,0,,,,,,,,,,,,
6,Prancer,Ferkus,0,,,,,,,,,,,,
5,Prancer,Flo,0,,,,,,,,,,,,
6,Prancer,Flo,0,,,,,,,,,,,,
0,Prancer,Glass Slipper,0,,,,,,,,,,,,
1,Prancer,Glass Slipper,0,,,,,,,,,,,,
2,Prancer,Glass Slipper,0,,,,,,,,,,,,
3,Prancer,Glass Slipper,0,,,,,,,,,,,,
4,Prancer,Glass Slipper,0,,,,,,,,,,,,
5,Prancer,Glass Slipper,0,,,,,,,,,,,,
6,Prancer,Glass Slipper,0,,,,,,,,,,,,
5,Prancer,Hank Hill,0,,,,,,,,,,,,
6,Prancer,Hank Hill,0,,,,,,,,,,,,
0,Prancer,Hot Boxx,0,,,,,,,,,,,,
1,Prancer,Hot Boxx,0,,,,,,,,,,,,
2,Prancer,Hot Boxx,0,,,,,,,,,,,,
3,Prancer,Hot Boxx,0,,,,,,,,,,,,
4,Prancer,Hot Boxx,0,,,,,,,,,,,,
5,Prancer,Hot Boxx,0,,,,,,,,,,,,
6,Prancer,Hot Boxx,0,,,,,,,,,,,,
5,Prancer,Liberty Biberty,0,,,,,,,,,,,,
6,Prancer,Liberty Biberty,0,,,,,,,,,,,,
5,Prancer,Nemo,0,,,,,,,,,,,,
6,Prancer,Nemo,0,,,,,,,,,,,,
2,Prancer,PFG,0,,,,,,,,,,,,
3,Prancer,PFG,0,,,,,,,,,,,,
4,Prancer,PFG,0,,,,,,,,,,,,
5,Prancer,PFG,0,,,,,,,,,,,,
6,Prancer,PFG,0,,,,,,,,,,,,
2,Prancer,Sensodyne,0,,,,,,,,,,,,
4,Prancer,Sensodyne,0,,,,,,,,,,,,
5,Prancer,Sensodyne,0,,,,,,,,,,,,
6,Prancer,Sensodyne,0,,,,,,,,,,,,
0,Prancer,Slinky,0,,,,,,,,,,,,
1,Prancer,Slinky,0,,,,,,,,,,,,
2,Prancer,Slinky,0,,,,,,,,,,,,
3,Prancer,Slinky,0,,,,,,,,,,,,
4,Prancer,Slinky,0,,,,,,,,,,,,
5,Prancer,Slinky,0,,,,,,,,,,,,
6,Prancer,Slinky,0,,,,,,,,,,,,
0,Prancer,Sloppy Joe,0,,,,,,,,,,,,
1,Prancer,Sloppy Joe,0,,,,,,,,,,,,
2,Prancer,Sloppy Joe,0,,,,,,,,,,,,
3,Prancer,Sloppy Joe,0,,,,,,,,,,,,
4,Prancer,Sloppy Joe,0,,,,,,,,,,,,
5,Prancer,Sloppy Joe,0,,,,,,,,,,,,
6,Prancer,Sloppy Joe,0,,,,,,,,,,,,
5,Prancer,Spit Valve,0,,,,,,,,,,,,
6,Prancer,Spit Valve,0,,,,,,,,,,,,
3,Prancer,The Vault,0,,,,,,,,,,,,
4,Prancer,The Vault,0,,,,,,,,,,,,
5,Prancer,The Vault,0,,,,,,,,,,,,
6,Prancer,The Vault,0,,,,,,,,,,,,
5,Prancer,The Worm,0,,,,,,,,,,,,
6,Prancer,The Worm,0,,,,,,,,,,,,
4,Prancer,Tinfoil,0,,,,,,,,,,,,
5,Prancer,Tinfoil,0,,,,,,,,,,,,
6,Prancer,Tinfoil,0,,,,,,,,,,,,
0,Prancer,Wet Bandit,0,,,,,,,,,,,,
1,Prancer,Wet Bandit,0,,,,,,,,,,,,
2,Prancer,Wet Bandit,0,,,,,,,,,,,,
3,Prancer,Wet Bandit,0,,,,,,,,,,,,
4,Prancer,Wet Bandit,0,,,,,,,,,,,,
5,Prancer,Wet Bandit,0,,,,,,,,,,,,
6,Prancer,Wet Bandit,0,,,,,,,,,,,,
5,Prancer,YellowPages,0,,,,,,,,,,,,
6,Prancer,YellowPages,0,,,,,,,,,,,,
2,Rudolph,Backstreet,0,,,,,,,,,,,,
4,Rudolph,Backstreet,0,,,,,,,,,,,,
5,Rudolph,Backstreet,0,,,,,,,,,,,,
6,Rudolph,Backstreet,0,,,,,,,,,,,,
5,Rudolph,BoilerUp,0,,,,,,,,,,,,
6,Rudolph,BoilerUp,0,,,,,,,,,,,,
5,Rudolph,Celine Dion,0,,,,,,,,,,,,
6,Rudolph,Celine Dion,0,,,,,,,,,,,,
4,Rudolph,Cowbell,0,,,,,,,,,,,,
5,Rudolph,Cowbell,0,,,,,,,,,,,,
6,Rudolph,Cowbell,0,,,,,,,,,,,,
0,Rudolph,Dan-D-LION,0,,,,,,,,,,,,
1,Rudolph,Dan-D-LION,0,,,,,,,,,,,,
2,Rudolph,Dan-D-LION,0,,,,,,,,,,,,
4,Rudolph,Dan-D-LION,0,,,,,,,,,,,,
5,Rudolph,Dan-D-LION,0,,,,,,,,,,,,
6,Rudolph,Dan-D-LION,0,,,,,,,,,,,,
0,Rudolph,Dr. Loco,0,,,,,,,,,,,,
1,Rudolph,Dr. Loco,0,,,,,,,,,,,,
2,Rudolph,Dr. Loco,0,,,,,,,,,,,,
3,Rudolph,Dr. Loco,0,,,,,,,,,,,,
5,Rudolph,Dr. Loco,0,,,,,,,,,,,,
6,Rudolph,Dr. Loco,0,,,,,,,,,,,,
2,Rudolph,Folgers,0,,,,,,,,,,,,
4,Rudolph,Folgers,0,,,,,,,,,,,,
5,Rudolph,Folgers,0,,,,,,,,,,,,
6,Rudolph,Folgers,0,,,,,,,,,,,,
5,Rudolph,Foreclosure,0,,,,,,,,,,,,
6,Rudolph,Foreclosure,0,,,,,,,,,,,,
2,Rudolph,Grunts,0,,,,,,,,,,,,
3,Rudolph,Grunts,0,,,,,,,,,,,,
4,Rudolph,Grunts,0,,,,,,,,,,,,
5,Rudolph,Grunts,0,,,,,,,,,,,,
6,Rudolph,Grunts,0,,,,,,,,,,,,
2,Rudolph,Homer Simpson,0,,,,,,,,,,,,
3,Rudolph,Homer Simpson,0,,,,,,,,,,,,
4,Rudolph,Homer Simpson,0,,,,,,,,,,,,
5,Rudolph,Homer Simpson,0,,,,,,,,,,,,
6,Rudolph,Homer Simpson,0,,,,,,,,,,,,
4,Rudolph,Italian Ice,0,,,,,,,,,,,,
5,Rudolph,Italian Ice,0,,,,,,,,,,,,
6,Rudolph,Italian Ice,0,,,,,,,,,,,,
3,Rudolph,Mapquest,0,,,,,,,,,,,,
4,Rudolph,Mapquest,0,,,,,,,,,,,,
5,Rudolph,Mapquest,0,,,,,,,,,,,,
6,Rudolph,Mapquest,0,,,,,,,,,,,,
2,Rudolph,Marinara,0,,,,,,,,,,,,
3,Rudolph,Marinara,0,,,,,,,,,,,,
4,Rudolph,Marinara,0,,,,,,,,,,,,
5,Rudolph,Marinara,0,,,,,,,,,,,,
6,Rudolph,Marinara,0,,,,,,,,,,,,
5,Rudolph,Napster,0,,,,,,,,,,,,
6,Rudolph,Napster,0,,,,,,,,,,,,
0,Rudolph,Nickelback,0,,,,,,,,,,,,
1,Rudolph,Nickelback,0,,,,,,,,,,,,
2,Rudolph,Nickelback,0,,,,,,,,,,,,
4,Rudolph,Nickelback,0,,,,,,,,,,,,
5,Rudolph,Nickelback,0,,,,,,,,,,,,
6,Rudolph,Nickelback,0,,,,,,,,,,,,
1,Rudolph,Rabbit,0,,,,,,,,,,,,
2,Rudolph,Rabbit,0,,,,,,,,,,,,
3,Rudolph,Rabbit,0,,,,,,,,,,,,
5,Rudolph,Rabbit,0,,,,,,,,,,,,
6,Rudolph,Rabbit,0,,,,,,,,,,,,
2,Rudolph,Ricola,0,,,,,,,,,,,,
3,Rudolph,Ricola,0,,,,,,,,,,,,
4,Rudolph,Ricola,0,,,,,,,,,,,,
5,Rudolph,Ricola,0,,,,,,,,,,,,
6,Rudolph,Ricola,0,,,,,,,,,,,,
2,Rudolph,Ringo,0,,,,,,,,,,,,
3,Rudolph,Ringo,0,,,,,,,,,,,,
4,Rudolph,Ringo,0,,,,,,,,,,,,
5,Rudolph,Ringo,0,,,,,,,,,,,,
6,Rudolph,Ringo,0,,,,,,,,,,,,
4,Rudolph,Slapshot,0,,,,,,,,,,,,
5,Rudolph,Slapshot,0,,,,,,,,,,,,
6,Rudolph,Slapshot,0,,,,,,,,,,,,
0,Rudolph,Spud,0,,,,,,,,,,,,
1,Rudolph,Spud,0,,,,,,,,,,,,
2,Rudolph,Spud,0,,,,,,,,,,,,
3,Rudolph,Spud,0,,,,,,,,,,,,
4,Rudolph,Spud,0,,,,,,,,,,,,
5,Rudolph,Spud,0,,,,,,,,,,,,
6,Rudolph,Spud,0,,,,,,,,,,,,
2,Rudolph,Underdog,0,,,,,,,,,,,,
3,Rudolph,Underdog,0,,,,,,,,,,,,
4,Rudolph,Underdog,0,,,,,,,,,,,,
5,Rudolph,Underdog,0,,,,,,,,,,,,
6,Rudolph,Underdog,0,,,,,,,,,,,,
5,Vixen,5-Putt,0,,,,,,,,,,,,
6,Vixen,5-Putt,0,,,,,,,,,,,,
2,Vixen,Blue Gill,0,,,,,,,,,,,,
5,Vixen,Blue Gill,0,,,,,,,,,,,,
6,Vixen,Blue Gill,0,,,,,,,,,,,,
3,Vixen,Broomstick,0,,,,,,,,,,,,
5,Vixen,Broomstick,0,,,,,,,,,,,,
6,Vixen,Broomstick,0,,,,,,,,,,,,
2,Vixen,Den Mother,0,,,,,,,,,,,,
4,Vixen,Den Mother,0,,,,,,,,,,,,
5,Vixen,Den Mother,0,,,,,,,,,,,,
6,Vixen,Den Mother,0,,,,,,,,,,,,
5,Vixen,Dilly Dilly,0,,,,,,,,,,,,
6,Vixen,Dilly Dilly,0,,,,,,,,,,,,
0,Vixen,Dipstick,0,,,,,,,,,,,,
1,Vixen,Dipstick,0,,,,,,,,,,,,
2,Vixen,Dipstick,0,,,,,,,,,,,,
3,Vixen,Dipstick,0,,,,,,,,,,,,
4,Vixen,Dipstick,0,,,,,,,,,,,,
5,Vixen,Dipstick,0,,,,,,,,,,,,
6,Vixen,Dipstick,0,,,,,,,,,,,,
4,Vixen,Fish Tape,0,,,,,,,,,,,,
5,Vixen,Fish Tape,0,,,,,,,,,,,,
6,Vixen,Fish Tape,0,,,,,,,,,,,,
2,Vixen,Ginga,0,,,,,,,,,,,,
3,Vixen,Ginga,0,,,,,,,,,,,,
4,Vixen,Ginga,0,,,,,,,,,,,,
5,Vixen,Ginga,0,,,,,,,,,,,,
6,Vixen,Ginga,0,,,,,,,,,,,,
0,Vixen,Go Daddy,0,,,,,,,,,,,,
1,Vixen,Go Daddy,0,,,,,,,,,,,,
2,Vixen,Go Daddy,0,,,,,,,,,,,,
3,Vixen,Go Daddy,0,,,,,,,,,,,,
4,Vixen,Go Daddy,0,,,,,,,,,,,,
5,Vixen,Go Daddy,0,,,,,,,,,,,,
6,Vixen,Go Daddy,0,,,,,,,,,,,,
4,Vixen,Hackman,0,,,,,,,,,,,,
5,Vixen,Hackman,0,,,,,,,,,,,,
6,Vixen,Hackman,0,,,,,,,,,,,,
1,Vixen,Hat Trick,0,,,,,,,,,,,,
2,Vixen,Hat Trick,0,,,,,,,,,,,,
5,Vixen,Hat Trick,0,,,,,,,,,,,,
6,Vixen,Hat Trick,0,,,,,,,,,,,,
0,Vixen,Hydrant,0,,,,,,,,,,,,
1,Vixen,Hydrant,0,,,,,,,,,,,,
2,Vixen,Hydrant,0,,,,,,,,,,,,
3,Vixen,Hydrant,0,,,,,,,,,,,,
4,Vixen,Hydrant,0,,,,,,,,,,,,
5,Vixen,Hydrant,0,,,,,,,,,,,,
6,Vixen,Hydrant,0,,,,,,,,,,,,
0,Vixen,Kindle,0,,,,,,,,,,,,
1,Vixen,Kindle,0,,,,,,,,,,,,
2,Vixen,Kindle,0,,,,,,,,,,,,
3,Vixen,Kindle,0,,,,,,,,,,,,
4,Vixen,Kindle,0,,,,,,,,,,,,
5,Vixen,Kindle,0,,,,,,,,,,,,
6,Vixen,Kindle,0,,,,,,,,,,,,
0,Vixen,Ollie,0,,,,,,,,,,,,
1,Vixen,Ollie,0,,,,,,,,,,,,
2,Vixen,Ollie,0,,,,,,,,,,,,
3,Vixen,Ollie,0,,,,,,,,,,,,
4,Vixen,Ollie,0,,,,,,,,,,,,
5,Vixen,Ollie,0,,,,,,,,,,,,
6,Vixen,Ollie,0,,,,,,,,,,,,
2,Vixen,Quatro,0,,,,,,,,,,,,
3,Vixen,Quatro,0,,,,,,,,,,,,
4,Vixen,Quatro,0,,,,,,,,,,,,
5,Vixen,Quatro,0,,,,,,,,,,,,
6,Vixen,Quatro,0,,,,,,,,,,,,
2,Vixen,Scuba Steve,0,,,,,,,,,,,,
4,Vixen,Scuba Steve,0,,,,,,,,,,,,
5,Vixen,Scuba Steve,0,,,,,,,,,,,,
6,Vixen,Scuba Steve,0,,,,,,,,,,,,
1,Vixen,SoccerMom,0,,,,,,,,,,,,
2,Vixen,SoccerMom,0,,,,,,,,,,,,
3,Vixen,SoccerMom,0,,,,,,,,,,,,
4,Vixen,SoccerMom,0,,,,,,,,,,,,
5,Vixen,SoccerMom,0,,,,,,,,,,,,
6,Vixen,SoccerMom,0,,,,,,,,,,,,
1,Vixen,Stitch,0,,,,,,,,,,,,
3,Vixen,Stitch,0,,,,,,,,,,,,
5,Vixen,Stitch,0,,,,,,,,,,,,
6,Vixen,Stitch,0,,,,,,,,,,,,
0,Vixen,TPS Report,0,,,,,,,,,,,,
1,Vixen,TPS Report,0,,,,,,,,,,,,
2,Vixen,TPS Report,0,,,,,,,,,,,,
3,Vixen,TPS Report,0,,,,,,,,,,,,
4,Vixen,TPS Report,0,,,,,,,,,,,,
5,Vixen,TPS Report,0,,,,,,,,,,,,
6,Vixen,TPS Report,0,,,,,,,,,,,,
0,Vixen,Tweety,0,,,,,,,,,,,,
1,Vixen,Tweety,0,,,,,,,,,,,,
2,Vixen,Tweety,0,,,,,,,,,,,,
3,Vixen,Tweety,0,,,,,,,,,,,,
4,Vixen,Tweety,0,,,,,,,,,,,,
5,Vixen,Tweety,0,,,,,,,,,,,,
6,Vixen,Tweety,0,,,,,,,,,,,,
5,Vixen,vern,0,,,,,,,,,,,,
6,Vixen,vern,0,,,,,,,,,,,,